family,rep,method,seed,secs,E_cost,E_fuel,E_emission,E_recourse,CVaR_cost,P_trigger,E_returns,E_return_km,P_late,E_late_min,P_defer,n_veh,kappa,rho,tau_mean,selected
nyc_manhattan,1,DET,0,20.1,48.02145,36.48145,86.09621,11.54,61.23921,0.665,1.4,7.93303,0.0,0.0,0.0,6.0,,,,
nyc_manhattan,1,PTO,0,20.0,49.9875,34.795,82.11621,15.1925,63.32792,0.855,2.495,11.93694,0.0,0.0,0.0,6.0,,,,
nyc_manhattan,1,SAA,0,20.0,43.87036,32.97036,77.81006,10.9,52.80924,0.315,0.39,3.16512,0.0,0.0,0.0,8.0,,,,
nyc_manhattan,1,CVAR,0,20.0,41.71372,30.25872,71.41057,11.455,54.16617,0.415,0.685,5.32691,0.0,0.0,0.0,7.0,,,,
nyc_manhattan,1,Q90C,0,30.0,41.35376,31.96126,75.42857,9.3925,49.58161,0.035,0.04,0.265,0.0,0.0,0.0,9.0,1.1438,,,
nyc_manhattan,1,RO,0,20.0,46.33632,36.47382,86.07823,9.8625,53.98443,0.005,0.01,0.03939,0.0,0.0,0.0,13.0,,,,
nyc_manhattan,1,DFR,0,50.0,40.52607,29.87857,70.51341,10.6475,51.18599,0.24,0.36,2.70864,0.0,0.0,0.0,7.0,1.1491,0.0451,0.691,DF
nyc_manhattan,1,ORT,0,20.2,39.1728,28.2203,66.59991,10.9525,50.69768,0.305,0.525,4.21575,0.0,0.0,0.0,7.0,,,,
nyc_manhattan,2,DET,0,20.0,46.85848,33.65848,79.43401,13.2,60.73947,0.68,1.725,7.7511,0.0,0.0,0.0,6.0,,,,
nyc_manhattan,2,PTO,0,20.0,48.00376,36.06626,85.11637,11.9375,59.90421,0.765,1.525,4.97274,0.0,0.0,0.0,6.0,,,,
nyc_manhattan,2,SAA,0,20.0,44.12309,31.37309,74.04049,12.75,56.43233,0.35,0.59,3.28459,0.0,0.0,0.0,7.0,,,,
nyc_manhattan,2,CVAR,0,20.0,44.16541,33.41541,78.86036,10.75,53.39959,0.18,0.225,1.01182,0.0,0.0,0.0,7.0,,,,
nyc_manhattan,2,Q90C,0,30.0,40.52308,30.50558,71.99317,10.0175,48.50012,0.02,0.025,0.12593,0.0,0.0,0.0,9.0,1.1473,,,
nyc_manhattan,2,RO,0,20.0,43.55577,33.34827,78.70192,10.2075,51.76392,0.0,0.0,0.0,0.0,0.0,0.0,11.0,,,,
nyc_manhattan,2,DFR,0,50.0,42.64641,30.35141,71.62934,12.295,53.41715,0.3,0.415,3.04415,0.0,0.0,0.0,7.0,1.1366,0.0821,0.689,DF
nyc_manhattan,2,ORT,0,20.2,40.5508,28.3658,66.9433,12.185,54.33719,0.37,0.665,4.80505,0.0,0.0,0.0,7.0,,,,
nyc_manhattan,3,DET,0,20.0,46.65199,33.79699,79.7609,12.855,59.67007,0.64,1.26,6.68924,0.0,0.0,0.0,8.0,,,,
nyc_manhattan,3,PTO,0,20.0,47.4953,33.4503,78.9427,14.045,61.49644,0.77,1.84,10.7792,0.0,0.0,0.0,6.0,,,,
nyc_manhattan,3,SAA,0,20.0,42.86576,33.09076,78.09419,9.775,52.71074,0.16,0.215,1.46862,0.0,0.0,0.0,8.0,,,,
nyc_manhattan,3,CVAR,0,20.0,40.61966,29.73466,70.1738,10.885,51.9298,0.455,0.69,3.92884,0.0,0.0,0.0,7.0,,,,
nyc_manhattan,3,Q90C,0,30.0,42.797,33.152,78.23873,9.645,51.17902,0.035,0.035,0.20453,0.0,0.0,0.0,9.0,1.1495,,,
nyc_manhattan,3,RO,0,20.0,44.91828,34.89828,82.35993,10.02,52.60151,0.005,0.005,0.03523,0.0,0.0,0.0,11.0,,,,
nyc_manhattan,3,DFR,0,50.0,40.49876,30.34126,71.60538,10.1575,50.5859,0.245,0.375,3.31897,0.0,0.0,0.0,7.0,1.1341,0.0479,0.691,DF
nyc_manhattan,3,ORT,0,20.2,37.74421,26.47171,62.47324,11.2725,50.14416,0.295,0.48,3.49617,0.0,0.0,0.0,7.0,,,,
nyc_manhattan,4,DET,0,20.0,49.08703,37.00703,87.33658,12.08,62.56756,0.7,1.475,12.93411,0.0,0.0,0.0,7.0,,,,
nyc_manhattan,4,PTO,0,20.0,49.28465,36.62965,86.44596,12.655,60.00959,0.82,1.825,12.21104,0.0,0.0,0.0,6.0,,,,
nyc_manhattan,4,SAA,0,20.0,45.19421,34.92671,82.42705,10.2675,53.12769,0.145,0.16,0.62038,0.0,0.0,0.0,8.0,,,,
nyc_manhattan,4,CVAR,0,20.0,41.36634,31.09134,73.37555,10.275,50.35432,0.2,0.25,2.01283,0.0,0.0,0.0,7.0,,,,
nyc_manhattan,4,Q90C,0,30.0,40.12816,31.34816,73.98165,8.78,47.30101,0.02,0.02,0.13342,0.0,0.0,0.0,9.0,1.1341,,,
nyc_manhattan,4,RO,0,20.0,44.56177,34.85177,82.25018,9.71,52.32011,0.0,0.0,0.0,0.0,0.0,0.0,12.0,,,,
nyc_manhattan,4,DFR,0,50.0,42.14755,32.29255,76.21043,9.855,53.04477,0.3,0.375,4.66186,0.0,0.0,0.0,7.0,1.1272,0.1159,0.69,DF
nyc_manhattan,4,ORT,0,20.2,37.49397,26.71397,63.04498,10.78,49.06519,0.38,0.62,3.29433,0.0,0.0,0.0,7.0,,,,
nyc_manhattan,5,DET,0,20.0,44.90653,33.23653,78.43822,11.67,56.53011,0.595,1.085,4.93055,0.0,0.0,0.0,7.0,,,,
nyc_manhattan,5,PTO,0,20.0,50.81523,35.77773,84.43544,15.0375,62.35695,0.915,2.905,17.2025,0.0,0.0,0.0,5.0,,,,
nyc_manhattan,5,SAA,0,20.0,41.80768,31.20268,73.63832,10.605,50.57127,0.26,0.375,1.99295,0.0,0.0,0.0,7.0,,,,
nyc_manhattan,5,CVAR,0,20.0,41.16268,29.75768,70.22812,11.405,50.83795,0.265,0.37,2.5246,0.0,0.0,0.0,7.0,,,,
nyc_manhattan,5,Q90C,0,30.0,41.40523,30.71273,72.48205,10.6925,49.29137,0.015,0.015,0.11082,0.0,0.0,0.0,9.0,1.1449,,,
nyc_manhattan,5,RO,0,20.0,43.39015,34.33265,81.02506,9.0575,50.12397,0.0,0.0,0.0,0.0,0.0,0.0,11.0,,,,
nyc_manhattan,5,DFR,0,50.0,41.80768,31.20268,73.63832,10.605,50.57127,0.26,0.375,1.99295,0.0,0.0,0.0,7.0,1.121,0.0648,0.69,SAA
nyc_manhattan,5,ORT,0,20.2,38.23126,26.92876,63.55188,11.3025,50.03122,0.335,0.585,3.81038,0.0,0.0,0.0,7.0,,,,
nyc_queens,1,DET,0,20.0,45.11088,39.18088,92.46687,5.93,57.75675,0.63,1.05,15.36386,0.0,0.0,0.0,3.0,,,,
nyc_queens,1,PTO,0,20.0,45.69275,39.71775,93.73388,5.975,57.96271,0.745,1.195,19.6863,0.0,0.0,0.0,3.0,,,,
nyc_queens,1,SAA,0,20.0,41.52703,37.45453,88.3927,4.0725,51.02539,0.32,0.345,4.73187,0.0,0.0,0.0,4.0,,,,
nyc_queens,1,CVAR,0,20.0,41.14626,37.47126,88.43218,3.675,50.28157,0.235,0.25,3.10903,0.0,0.0,0.0,4.0,,,,
nyc_queens,1,Q90C,0,30.0,43.99713,40.54463,95.68534,3.4525,50.62547,0.01,0.01,0.12854,0.0,0.0,0.0,5.0,1.1448,,,
nyc_queens,1,RO,0,20.0,46.7657,42.4357,100.14825,4.33,52.3766,0.0,0.0,0.0,0.0,0.0,0.0,6.0,,,,
nyc_queens,1,DFR,0,50.0,41.52703,37.45453,88.3927,4.0725,51.02539,0.32,0.345,4.73187,0.0,0.0,0.0,4.0,1.159,0.0451,0.861,SAA
nyc_queens,1,ORT,0,20.1,40.26966,36.05716,85.09489,4.2125,50.6232,0.225,0.26,4.487,0.0,0.0,0.0,4.0,,,,
nyc_queens,2,DET,0,20.0,46.52098,41.08098,96.95111,5.44,61.65838,0.54,0.9,13.34223,0.0,0.0,0.0,4.0,,,,
nyc_queens,2,PTO,0,20.0,47.00514,40.83264,96.36502,6.1725,64.94195,0.72,1.235,18.61622,0.0,0.0,0.0,3.0,,,,
nyc_queens,2,SAA,0,20.0,42.27738,38.49738,90.85381,3.78,52.53499,0.125,0.13,1.96916,0.0,0.0,0.0,4.0,,,,
nyc_queens,2,CVAR,0,20.0,42.50769,38.24769,90.26455,4.26,50.5111,0.075,0.08,0.69365,0.0,0.0,0.0,4.0,,,,
nyc_queens,2,Q90C,0,30.0,43.84365,40.03865,94.49121,3.805,51.08418,0.02,0.02,0.26995,0.0,0.0,0.0,5.0,1.152,,,
nyc_queens,2,RO,0,20.0,47.61275,43.96025,103.74619,3.6525,55.10766,0.005,0.005,0.05814,0.0,0.0,0.0,6.0,,,,
nyc_queens,2,DFR,0,50.0,42.27738,38.49738,90.85381,3.78,52.53499,0.125,0.13,1.96916,0.0,0.0,0.0,4.0,1.1438,0.0639,0.861,SAA
nyc_queens,2,ORT,0,20.1,40.70564,36.51564,86.17691,4.19,55.18171,0.23,0.3,5.63435,0.0,0.0,0.0,4.0,,,,
nyc_queens,3,DET,0,20.0,44.36573,38.34073,90.48412,6.025,60.07176,0.57,0.985,17.66132,0.0,0.0,0.0,3.0,,,,
nyc_queens,3,PTO,0,20.0,48.29353,42.00603,99.13424,6.2875,63.39448,0.635,1.015,24.93377,0.0,0.0,0.0,3.0,,,,
nyc_queens,3,SAA,0,20.0,44.69106,40.35106,95.22851,4.34,52.67381,0.065,0.075,1.14711,0.0,0.0,0.0,5.0,,,,
nyc_queens,3,CVAR,0,20.0,43.70393,39.65393,93.58327,4.05,51.91528,0.075,0.1,1.15351,0.0,0.0,0.0,4.0,,,,
nyc_queens,3,Q90C,0,30.0,41.76018,37.98518,89.64503,3.775,48.12894,0.015,0.015,0.27303,0.0,0.0,0.0,5.0,1.1217,,,
nyc_queens,3,RO,0,20.0,46.85006,42.99506,101.46834,3.855,52.86356,0.005,0.005,0.05223,0.0,0.0,0.0,6.0,,,,
nyc_queens,3,DFR,0,50.0,42.98116,39.01866,92.08404,3.9625,49.72879,0.03,0.035,0.454,0.0,0.0,0.0,5.0,1.1485,0.0464,0.862,DF
nyc_queens,3,ORT,0,20.1,40.27146,35.65646,84.14923,4.615,50.58173,0.225,0.29,3.70308,0.0,0.0,0.0,4.0,,,,
nyc_queens,4,DET,0,20.0,46.11934,40.33684,95.19494,5.7825,61.45609,0.625,1.065,18.27452,0.0,0.0,0.0,3.0,,,,
nyc_queens,4,PTO,0,20.0,45.2206,39.5906,93.43382,5.63,59.07977,0.7,1.17,14.18104,0.0,0.0,0.0,3.0,,,,
nyc_queens,4,SAA,0,20.0,45.4129,41.2079,97.25065,4.205,59.56729,0.24,0.34,5.81628,0.0,0.0,0.0,4.0,,,,
nyc_queens,4,CVAR,0,20.0,42.34536,38.12536,89.97584,4.22,49.9335,0.11,0.13,1.20144,0.0,0.0,0.0,4.0,,,,
nyc_queens,4,Q90C,0,30.0,42.18101,38.11101,89.94198,4.07,49.39002,0.035,0.035,0.40054,0.0,0.0,0.0,5.0,1.1035,,,
nyc_queens,4,RO,0,20.0,48.2923,44.4173,104.82482,3.875,54.86852,0.01,0.01,0.10445,0.0,0.0,0.0,7.0,,,,
nyc_queens,4,DFR,0,50.0,42.80095,39.12095,92.32543,3.68,50.29695,0.065,0.065,0.95503,0.0,0.0,0.0,5.0,1.1513,0.0684,0.86,DF
nyc_queens,4,ORT,0,20.1,40.74258,36.19258,85.41449,4.55,53.05273,0.245,0.345,4.89777,0.0,0.0,0.0,4.0,,,,
nyc_queens,5,DET,0,20.0,45.99039,40.02789,94.46582,5.9625,60.41258,0.71,1.2,21.90559,0.0,0.0,0.0,3.0,,,,
nyc_queens,5,PTO,0,20.0,47.67673,41.63423,98.25678,6.0425,60.97232,0.735,1.275,18.86288,0.0,0.0,0.0,3.0,,,,
nyc_queens,5,SAA,0,20.0,42.62738,38.46238,90.77122,4.165,53.04365,0.21,0.26,3.34802,0.0,0.0,0.0,4.0,,,,
nyc_queens,5,CVAR,0,20.0,43.37801,39.95301,94.28911,3.425,51.80938,0.135,0.155,1.50699,0.0,0.0,0.0,4.0,,,,
nyc_queens,5,Q90C,0,30.0,43.27733,39.67983,93.6444,3.5975,50.122,0.015,0.02,0.28714,0.0,0.0,0.0,5.0,1.1563,,,
nyc_queens,5,RO,0,20.0,46.88152,43.36902,102.35088,3.5125,53.4533,0.005,0.005,0.05814,0.0,0.0,0.0,6.0,,,,
nyc_queens,5,DFR,0,50.0,42.62738,38.46238,90.77122,4.165,53.04365,0.21,0.26,3.34802,0.0,0.0,0.0,4.0,1.1036,0.0451,0.86,SAA
nyc_queens,5,ORT,0,20.1,40.39682,36.48682,86.1089,3.91,51.48499,0.175,0.21,4.30444,0.0,0.0,0.0,4.0,,,,
nyc_brooklyn,1,DET,0,20.0,30.75411,26.82161,63.29899,3.9325,41.95862,0.46,0.64,4.54884,0.0,0.0,0.005,4.0,,,,
nyc_brooklyn,1,PTO,0,20.0,31.47239,27.46489,64.81714,4.0075,39.916,0.605,0.865,7.97991,0.0,0.0,0.0,5.0,,,,
nyc_brooklyn,1,SAA,0,20.0,30.08676,26.35176,62.19015,3.735,40.12141,0.315,0.46,4.65364,0.0,0.0,0.0,5.0,,,,
nyc_brooklyn,1,CVAR,0,20.0,29.71899,26.98149,63.67632,2.7375,35.02474,0.125,0.135,0.44542,0.0,0.0,0.0,6.0,,,,
nyc_brooklyn,1,Q90C,0,30.0,28.67923,26.27923,62.01897,2.4,33.69077,0.015,0.02,0.19513,0.0,0.0,0.0,6.0,1.1345,,,
nyc_brooklyn,1,RO,0,20.0,32.33251,29.94751,70.67612,2.385,36.66442,0.005,0.005,0.04436,0.0,0.0,0.0,8.0,,,,
nyc_brooklyn,1,DFR,0,50.0,28.88756,25.69256,60.63445,3.195,36.4764,0.18,0.195,2.77166,0.0,0.0,0.0,5.0,1.1384,0.0472,0.691,DF
nyc_brooklyn,1,ORT,0,20.1,27.12448,23.92698,56.46767,3.1975,36.33229,0.315,0.46,3.9674,0.0,0.0,0.0,5.0,,,,
nyc_brooklyn,2,DET,0,20.0,30.69507,25.93007,61.19497,4.765,42.37405,0.615,0.865,9.91207,0.0,0.0,0.005,5.0,,,,
nyc_brooklyn,2,PTO,0,20.0,34.45396,27.74396,65.47574,6.71,48.72129,0.72,1.085,10.95203,0.0,0.0,0.01,4.0,,,,
nyc_brooklyn,2,SAA,0,20.0,29.10018,26.31018,62.09203,2.79,36.76784,0.21,0.235,2.30699,0.0,0.0,0.0,6.0,,,,
nyc_brooklyn,2,CVAR,0,20.0,30.04666,27.03416,63.80062,3.0125,38.31347,0.085,0.09,0.61892,0.0,0.0,0.005,6.0,,,,
nyc_brooklyn,2,Q90C,0,30.0,30.6871,28.0671,66.23835,2.62,35.61722,0.005,0.005,0.08835,0.0,0.0,0.0,7.0,1.1609,,,
nyc_brooklyn,2,RO,0,20.0,31.67253,28.98253,68.39878,2.69,36.66027,0.0,0.0,0.0,0.0,0.0,0.0,8.0,,,,
nyc_brooklyn,2,DFR,0,50.0,29.10018,26.31018,62.09203,2.79,36.76784,0.21,0.235,2.30699,0.0,0.0,0.0,6.0,1.1424,0.0902,0.689,SAA
nyc_brooklyn,2,ORT,0,20.1,28.34566,24.96316,58.91306,3.3825,38.85888,0.39,0.595,4.28337,0.0,0.0,0.0,4.0,,,,
nyc_brooklyn,3,DET,0,20.0,30.22301,26.87551,63.42621,3.3475,38.49424,0.29,0.3,2.89386,0.0,0.0,0.0,5.0,,,,
nyc_brooklyn,3,PTO,0,20.0,31.84262,27.07762,63.90319,4.765,41.61885,0.76,1.1,8.82808,0.0,0.0,0.0,4.0,,,,
nyc_brooklyn,3,SAA,0,20.0,30.53075,27.50075,64.90178,3.03,36.62698,0.1,0.1,0.59747,0.0,0.0,0.0,7.0,,,,
nyc_brooklyn,3,CVAR,0,20.0,30.1509,26.9209,63.53332,3.23,40.05887,0.06,0.06,0.64958,0.0,0.0,0.005,6.0,,,,
nyc_brooklyn,3,Q90C,0,30.0,28.61602,26.21602,61.86981,2.4,33.58276,0.0,0.0,0.0,0.0,0.0,0.0,6.0,1.1422,,,
nyc_brooklyn,3,RO,0,20.0,30.87306,28.41306,67.05481,2.46,35.97311,0.0,0.0,0.0,0.0,0.0,0.0,8.0,,,,
nyc_brooklyn,3,DFR,0,50.0,28.94346,26.21096,61.85787,2.7325,36.81813,0.165,0.17,2.33826,0.0,0.0,0.0,5.0,1.1371,0.0451,0.689,DF
nyc_brooklyn,3,ORT,0,20.1,29.50142,26.17642,61.77634,3.325,39.78022,0.355,0.48,5.39674,0.0,0.0,0.0,5.0,,,,
nyc_brooklyn,4,DET,0,20.0,31.68407,25.66157,60.5613,6.0225,45.60118,0.545,0.82,7.50679,0.0,0.0,0.005,4.0,,,,
nyc_brooklyn,4,PTO,0,20.0,34.01362,27.89112,65.82305,6.1225,51.44125,0.735,1.1,8.42258,0.0,0.0,0.01,6.0,,,,
nyc_brooklyn,4,SAA,0,20.0,29.50855,26.81355,63.27998,2.695,35.01191,0.135,0.145,0.56935,0.0,0.0,0.0,5.0,,,,
nyc_brooklyn,4,CVAR,0,20.0,28.11291,25.69041,60.62937,2.4225,33.95639,0.11,0.12,0.77466,0.0,0.0,0.0,6.0,,,,
nyc_brooklyn,4,Q90C,0,30.0,29.03696,26.79446,63.23493,2.2425,33.22315,0.0,0.0,0.0,0.0,0.0,0.0,6.0,1.1478,,,
nyc_brooklyn,4,RO,0,20.0,32.53544,29.92044,70.61225,2.615,37.05675,0.0,0.0,0.0,0.0,0.0,0.0,8.0,,,,
nyc_brooklyn,4,DFR,0,50.0,29.50855,26.81355,63.27998,2.695,35.01191,0.135,0.145,0.56935,0.0,0.0,0.0,5.0,1.1341,0.0468,0.69,SAA
nyc_brooklyn,4,ORT,0,20.1,27.50203,24.61953,58.10209,2.8825,36.88365,0.32,0.44,3.20487,0.0,0.0,0.0,4.0,,,,
nyc_brooklyn,5,DET,0,20.0,32.80785,26.75785,63.14853,6.05,44.29434,0.565,0.77,8.41827,0.0,0.0,0.005,4.0,,,,
nyc_brooklyn,5,PTO,0,20.0,33.45269,27.60269,65.14234,5.85,41.31083,0.765,1.185,12.24291,0.0,0.0,0.0,4.0,,,,
nyc_brooklyn,5,SAA,0,20.0,29.76119,26.69619,63.00302,3.065,35.03132,0.19,0.21,0.8498,0.0,0.0,0.0,5.0,,,,
nyc_brooklyn,5,CVAR,0,20.0,28.68176,26.05176,61.48216,2.63,33.96505,0.04,0.045,0.23543,0.0,0.0,0.0,6.0,,,,
nyc_brooklyn,5,Q90C,0,30.0,29.54804,27.21054,64.21686,2.3375,33.80217,0.0,0.0,0.0,0.0,0.0,0.0,6.0,1.1634,,,
nyc_brooklyn,5,RO,0,20.0,31.78616,29.49116,69.59913,2.295,35.86163,0.0,0.0,0.0,0.0,0.0,0.0,8.0,,,,
nyc_brooklyn,5,DFR,0,50.0,29.54583,27.04833,63.83405,2.4975,34.15197,0.01,0.01,0.02175,0.0,0.0,0.0,6.0,1.1481,0.0752,0.69,DF
nyc_brooklyn,5,ORT,0,20.1,27.60345,24.42345,57.63935,3.18,36.58136,0.34,0.475,3.34322,0.0,0.0,0.0,4.0,,,,
dublin_real,1,DET,0,20.0,98.38276,79.02026,186.48782,19.3625,128.61731,0.97,3.99,60.1389,0.0,0.0,0.0,11.0,,,,
dublin_real,1,PTO,0,20.0,106.72441,81.18941,191.60702,25.535,141.37086,0.955,4.95,79.47159,0.0,0.0,0.0,10.0,,,,
dublin_real,1,SAA,0,20.0,86.60427,75.04427,177.10447,11.56,117.21113,0.655,1.62,23.84652,0.0,0.0,0.0,13.0,,,,
dublin_real,1,CVAR,0,20.0,86.64807,75.05057,177.11933,11.5975,114.0177,0.84,1.985,27.2268,0.0,0.0,0.0,12.0,,,,
dublin_real,1,Q90C,0,30.0,90.77868,82.59118,194.91518,8.1875,110.72746,0.09,0.1,1.36302,0.0,0.0,0.0,17.0,1.1664,,,
dublin_real,1,RO,0,20.0,108.07824,97.94574,231.15194,10.1325,128.96994,0.02,0.025,0.50479,0.0,0.0,0.0,24.0,,,,
dublin_real,1,DFR,0,50.0,86.60427,75.04427,177.10447,11.56,117.21113,0.655,1.62,23.84652,0.0,0.0,0.0,13.0,1.1605,0.1748,0.869,SAA
dublin_real,1,ORT,0,20.6,82.74246,71.62246,169.02901,11.12,115.43568,0.64,1.73,25.09971,0.0,0.0,0.0,12.0,,,,
dublin_real,2,DET,0,20.0,91.8627,77.2027,182.19838,14.66,125.9308,0.87,3.385,49.14819,0.0,0.0,0.0,11.0,,,,
dublin_real,2,PTO,0,20.0,100.16402,78.42152,185.0748,21.7425,134.64612,0.94,4.595,68.32402,0.0,0.0,0.0,10.0,,,,
dublin_real,2,SAA,0,20.0,90.79863,79.95363,188.69057,10.845,118.50399,0.52,1.125,15.96487,0.0,0.0,0.0,13.0,,,,
dublin_real,2,CVAR,0,20.0,87.67039,77.83289,183.68561,9.8375,117.04943,0.595,1.265,20.07531,0.0,0.0,0.0,13.0,,,,
dublin_real,2,Q90C,0,30.0,93.13293,85.58293,201.97572,7.55,112.01218,0.07,0.085,1.34815,0.0,0.0,0.0,18.0,1.187,,,
dublin_real,2,RO,0,20.0,102.61423,94.88923,223.93858,7.725,121.76759,0.01,0.01,0.18503,0.0,0.0,0.0,23.0,,,,
dublin_real,2,DFR,0,50.0,87.79276,80.07526,188.97761,7.7175,108.27993,0.16,0.22,3.18095,0.0,0.0,0.0,16.0,1.1689,0.0893,0.866,DF
dublin_real,2,ORT,0,20.6,83.18274,73.81524,174.20397,9.3675,112.97388,0.565,1.305,19.76014,0.0,0.0,0.0,13.0,,,,
dublin_real,3,DET,0,20.0,91.2266,77.0791,181.90668,14.1475,123.28608,0.995,3.24,51.30504,0.0,0.0,0.0,13.0,,,,
dublin_real,3,PTO,0,20.0,105.69086,79.64086,187.95242,26.05,146.31955,0.93,4.65,72.37522,0.0,0.0,0.0,10.0,,,,
dublin_real,3,SAA,0,20.0,88.06198,76.47198,180.47386,11.59,117.59069,0.455,0.885,12.88463,0.0,0.0,0.0,14.0,,,,
dublin_real,3,CVAR,0,20.0,86.60705,76.92205,181.53604,9.685,114.59003,0.48,0.935,13.59572,0.0,0.0,0.0,13.0,,,,
dublin_real,3,Q90C,0,30.0,97.4519,89.0794,210.22738,8.3725,118.77367,0.04,0.05,0.76792,0.0,0.0,0.0,18.0,1.1652,,,
dublin_real,3,RO,0,20.0,106.99194,98.44694,232.33478,8.545,128.27635,0.02,0.02,0.23022,0.0,0.0,0.0,23.0,,,,
dublin_real,3,DFR,0,50.0,88.23488,79.62988,187.92651,8.605,112.58191,0.2,0.265,3.66429,0.0,0.0,0.0,17.0,1.1738,0.0451,0.867,DF
dublin_real,3,ORT,0,20.7,82.64807,73.00057,172.28135,9.6475,112.7471,0.515,1.065,16.39785,0.0,0.0,0.0,13.0,,,,
dublin_real,4,DET,0,20.0,93.41112,78.28612,184.75524,15.125,132.33952,0.9,3.955,63.48816,0.0,0.0,0.0,11.0,,,,
dublin_real,4,PTO,0,20.0,97.59075,78.00325,184.08767,19.5875,132.45947,0.975,4.705,68.41962,0.0,0.0,0.0,10.0,,,,
dublin_real,4,SAA,0,20.0,85.36551,74.08051,174.83002,11.285,117.75135,0.65,1.515,21.30794,0.0,0.0,0.0,13.0,,,,
dublin_real,4,CVAR,0,20.0,88.92438,76.46188,180.45005,12.4625,123.48467,0.955,2.075,30.25013,0.0,0.0,0.0,12.0,,,,
dublin_real,4,Q90C,0,30.0,90.64164,82.21664,194.03127,8.425,112.17594,0.065,0.09,1.37448,0.0,0.0,0.0,18.0,1.171,,,
dublin_real,4,RO,0,20.0,106.50378,98.31128,232.01462,8.1925,128.34381,0.015,0.015,0.30093,0.0,0.0,0.0,23.0,,,,
dublin_real,4,DFR,0,50.0,88.62503,80.49753,189.97416,8.1275,112.22315,0.205,0.32,4.17091,0.0,0.0,0.0,16.0,1.1546,0.0451,0.868,DF
dublin_real,4,ORT,0,20.6,83.71636,73.39386,173.20952,10.3225,121.31796,0.595,1.555,21.28067,0.0,0.0,0.0,12.0,,,,
dublin_real,5,DET,0,20.0,91.34312,75.77312,178.82456,15.57,121.69059,0.91,3.505,52.27198,0.0,0.0,0.0,11.0,,,,
dublin_real,5,PTO,0,20.0,95.18792,77.82542,183.66798,17.3625,124.98351,0.955,4.265,64.32394,0.0,0.0,0.0,11.0,,,,
dublin_real,5,SAA,0,20.0,87.3782,77.1207,182.00485,10.2575,112.34822,0.565,1.105,16.30321,0.0,0.0,0.0,13.0,,,,
dublin_real,5,CVAR,0,20.0,85.41431,73.92181,174.45546,11.4925,113.37806,0.77,1.795,24.04758,0.0,0.0,0.0,12.0,,,,
dublin_real,5,Q90C,0,30.0,87.47695,79.44945,187.50069,8.0275,107.93649,0.05,0.055,0.81315,0.0,0.0,0.0,18.0,1.1583,,,
dublin_real,5,RO,0,20.0,103.61884,95.36384,225.05866,8.255,125.05267,0.01,0.01,0.15388,0.0,0.0,0.0,22.0,,,,
dublin_real,5,DFR,0,50.0,87.3782,77.1207,182.00485,10.2575,112.34822,0.565,1.105,16.30321,0.0,0.0,0.0,13.0,1.1627,0.0451,0.869,SAA
dublin_real,5,ORT,0,20.7,81.90427,71.22927,168.10107,10.675,112.53887,0.665,1.595,23.31597,0.0,0.0,0.0,12.0,,,,
peshawar_real,1,DET,0,20.0,244.88211,116.46711,274.86238,128.415,573.43275,0.265,0.42,4.7923,0.0,0.0,0.675,24.0,,,,
peshawar_real,1,PTO,0,20.0,264.78662,111.44412,263.00813,153.3425,501.31468,0.24,0.32,3.97174,0.0,0.0,0.88,25.0,,,,
peshawar_real,1,SAA,0,20.0,103.66924,91.41674,215.74351,12.2525,154.42181,0.175,0.225,1.83921,0.0,0.0,0.06,27.0,,,,
peshawar_real,1,CVAR,0,20.0,102.94669,92.68669,218.74058,10.26,140.14256,0.15,0.195,1.6203,0.0,0.0,0.045,27.0,,,,
peshawar_real,1,Q90C,0,30.0,100.04781,90.98031,214.71353,9.0675,132.15082,0.105,0.13,1.49052,0.0,0.0,0.025,28.0,1.1656,,,
peshawar_real,1,RO,0,20.1,110.04684,101.56434,239.69183,8.4825,136.43017,0.025,0.03,0.351,0.0,0.0,0.005,33.0,,,,
peshawar_real,1,DFR,0,50.0,103.66924,91.41674,215.74351,12.2525,154.42181,0.175,0.225,1.83921,0.0,0.0,0.06,27.0,1.1808,0.0451,0.705,SAA
peshawar_real,1,ORT,0,20.8,96.80687,84.56187,199.56601,12.245,146.51839,0.195,0.28,2.76184,0.0,0.0,0.065,27.0,,,,
peshawar_real,2,DET,0,20.0,267.77031,111.97281,264.25583,155.7975,603.94135,0.375,0.61,6.25094,0.0,0.0,0.75,23.0,,,,
peshawar_real,2,PTO,0,20.0,344.84762,112.67762,265.91918,232.17,706.88699,0.39,0.605,5.48931,0.0,0.0,0.885,24.0,,,,
peshawar_real,2,SAA,0,20.0,101.57495,88.85745,209.70358,12.7175,146.62168,0.125,0.17,1.51813,0.0,0.0,0.06,27.0,,,,
peshawar_real,2,CVAR,0,20.0,104.65476,94.34226,222.64773,10.3125,130.30767,0.18,0.215,1.54775,0.0,0.0,0.01,27.0,,,,
peshawar_real,2,Q90C,0,30.0,100.35049,89.73549,211.77575,10.615,130.69439,0.075,0.095,0.91792,0.0,0.0,0.02,28.0,1.1827,,,
peshawar_real,2,RO,0,20.0,113.01229,103.16479,243.46891,9.8475,134.65699,0.025,0.035,0.14368,0.0,0.0,0.0,34.0,,,,
peshawar_real,2,DFR,0,50.1,101.57495,88.85745,209.70358,12.7175,146.62168,0.125,0.17,1.51813,0.0,0.0,0.06,27.0,1.1822,0.0451,0.703,SAA
peshawar_real,2,ORT,0,20.8,97.99334,85.22834,201.13889,12.765,145.77411,0.14,0.215,2.32163,0.0,0.0,0.07,27.0,,,,
peshawar_real,3,DET,0,20.0,213.00801,108.68051,256.48601,104.3275,441.30695,0.31,0.525,4.7456,0.0,0.0,0.69,24.0,,,,
peshawar_real,3,PTO,0,20.0,272.05914,109.62414,258.71297,162.435,564.3513,0.38,0.555,5.45092,0.0,0.0,0.865,23.0,,,,
peshawar_real,3,SAA,0,20.0,105.72537,89.13787,210.36538,16.5875,177.71306,0.215,0.335,3.8679,0.0,0.0,0.12,27.0,,,,
peshawar_real,3,CVAR,0,20.0,105.77678,95.47928,225.33111,10.2975,146.65149,0.155,0.2,2.08928,0.0,0.0,0.045,27.0,,,,
peshawar_real,3,Q90C,0,30.0,98.0097,88.7022,209.3372,9.3075,128.80714,0.11,0.125,1.28099,0.0,0.0,0.02,28.0,1.182,,,
peshawar_real,3,RO,0,20.0,112.45802,104.08802,245.64772,8.37,134.93981,0.06,0.07,0.73824,0.0,0.0,0.005,34.0,,,,
peshawar_real,3,DFR,0,50.1,100.08067,89.30567,210.76139,10.775,142.11368,0.15,0.185,1.83495,0.0,0.0,0.055,27.0,1.1793,0.124,0.704,DF
peshawar_real,3,ORT,0,20.8,97.85937,85.33187,201.38321,12.5275,156.26274,0.205,0.285,3.17594,0.0,0.0,0.08,27.0,,,,
peshawar_real,4,DET,0,20.0,152.78158,111.29658,262.65994,41.485,267.23531,0.165,0.18,1.70384,0.0,0.0,0.345,27.0,,,,
peshawar_real,4,PTO,0,20.0,261.54659,108.46409,255.97526,153.0825,563.00851,0.375,0.545,4.92009,0.0,0.0,0.795,24.0,,,,
peshawar_real,4,SAA,0,20.0,102.27845,90.90595,214.53804,11.3725,140.126,0.12,0.14,1.49665,0.0,0.0,0.04,27.0,,,,
peshawar_real,4,CVAR,0,20.0,99.60117,89.70867,211.71246,9.8925,130.2141,0.15,0.17,1.67287,0.0,0.0,0.025,27.0,,,,
peshawar_real,4,Q90C,0,30.0,99.75716,90.14716,212.7473,9.61,133.37496,0.075,0.09,1.02195,0.0,0.0,0.03,28.0,1.1878,,,
peshawar_real,4,RO,0,20.0,110.9596,102.5996,242.13505,8.36,131.45454,0.015,0.015,0.18907,0.0,0.0,0.0,34.0,,,,
peshawar_real,4,DFR,0,50.0,104.41069,93.56819,220.82092,10.8425,142.70329,0.145,0.16,1.59252,0.0,0.0,0.045,27.0,1.1933,0.2166,0.704,DF
peshawar_real,4,ORT,0,20.8,97.02542,84.88042,200.3178,12.145,148.49966,0.19,0.22,2.61477,0.0,0.0,0.08,27.0,,,,
peshawar_real,5,DET,0,20.0,196.06409,109.58659,258.62436,86.4775,386.81993,0.455,0.78,6.58102,0.0,0.0,0.61,26.0,,,,
peshawar_real,5,PTO,0,20.0,223.45993,113.33243,267.46453,110.1275,426.87925,0.42,0.665,6.70664,0.0,0.0,0.78,25.0,,,,
peshawar_real,5,SAA,0,20.0,100.49372,86.79372,204.83318,13.7,160.27507,0.285,0.38,4.5663,0.0,0.0,0.105,27.0,,,,
peshawar_real,5,CVAR,0,20.0,107.12361,90.55611,213.71241,16.5675,181.5131,0.215,0.3,3.08936,0.0,0.0,0.135,27.0,,,,
peshawar_real,5,Q90C,0,30.1,100.5178,88.9428,209.90502,11.575,150.70925,0.165,0.215,2.57487,0.0,0.0,0.045,27.0,1.1856,,,
peshawar_real,5,RO,0,20.0,107.61481,98.25481,231.88136,9.36,139.3884,0.07,0.085,0.98168,0.0,0.0,0.025,33.0,,,,
peshawar_real,5,DFR,0,50.1,100.77091,88.55341,208.98604,12.2175,152.82025,0.205,0.295,2.88459,0.0,0.0,0.07,27.0,1.1936,0.067,0.704,DF
peshawar_real,5,ORT,0,20.8,102.9325,86.145,203.30219,16.7875,173.06849,0.27,0.38,4.17976,0.0,0.0,0.135,27.0,,,,
solomon_c101,1,DET,0,20.0,467.14803,440.11265,1038.66586,27.03538,532.09434,0.395,0.44,30.55542,1.0,255.95756,0.0,22.0,,,,
solomon_c101,1,PTO,0,20.0,562.37217,376.63723,888.86386,185.73494,711.06046,0.8,2.075,106.51414,1.0,3298.64874,0.02,14.0,,,,
solomon_c101,1,SAA,0,20.0,402.22705,385.51002,909.80364,16.71703,462.3774,0.245,0.315,18.05499,1.0,58.04059,0.0,19.0,,,,
solomon_c101,1,CVAR,0,20.0,405.50265,387.32771,914.09339,18.17494,474.94623,0.265,0.37,20.31787,1.0,98.9988,0.0,19.0,,,,
solomon_c101,1,Q90C,0,30.0,496.11206,384.823,908.18228,111.28906,545.2042,0.06,0.07,2.77848,1.0,1990.98123,0.0,17.0,1.1632,,,
solomon_c101,1,RO,0,20.0,473.74596,455.93109,1075.99738,17.81487,512.62366,0.0,0.0,0.0,1.0,78.29731,0.0,27.0,,,,
solomon_c101,1,DFR,0,50.0,402.22705,385.51002,909.80364,16.71703,462.3774,0.245,0.315,18.05499,1.0,58.04059,0.0,19.0,1.1684,0.0451,0.863,SAA
solomon_c101,1,ORT,0,20.6,798.62691,305.56454,721.13231,493.06237,923.91172,0.515,1.04,59.19603,1.0,9537.1474,0.04,12.0,,,,
solomon_c101,2,DET,0,20.0,418.3245,363.31033,857.41239,55.01417,529.94504,0.57,1.085,79.32526,1.0,750.23334,0.0,19.0,,,,
solomon_c101,2,PTO,0,20.0,422.02295,340.86351,804.43789,81.15944,555.17234,0.77,1.84,116.29123,1.0,1213.33876,0.0,15.0,,,,
solomon_c101,2,SAA,0,20.0,413.23625,366.34706,864.57905,46.8892,503.22744,0.33,0.48,29.67102,1.0,645.08393,0.0,17.0,,,,
solomon_c101,2,CVAR,0,20.0,401.69156,357.21796,843.03438,44.4736,468.74628,0.265,0.375,20.49719,1.0,624.772,0.0,16.0,,,,
solomon_c101,2,Q90C,0,30.0,389.52028,361.23575,852.51636,28.28453,434.14365,0.075,0.08,3.03777,1.0,282.2406,0.0,18.0,1.1605,,,
solomon_c101,2,RO,0,20.0,513.80922,468.24876,1105.06708,45.56045,555.18727,0.02,0.02,0.75728,1.0,641.35905,0.0,22.0,,,,
solomon_c101,2,DFR,0,50.0,413.23625,366.34706,864.57905,46.8892,503.22744,0.33,0.48,29.67102,1.0,645.08393,0.0,17.0,1.1522,0.05,0.863,SAA
solomon_c101,2,ORT,0,20.6,834.39564,293.23325,692.03047,541.16239,948.42954,0.5,1.11,47.36047,1.0,10468.24779,0.05,11.0,,,,
solomon_c101,3,DET,0,20.0,413.77266,345.43237,815.22039,68.34029,534.47659,0.655,1.36,79.81546,1.0,980.15586,0.035,14.0,,,,
solomon_c101,3,PTO,0,20.0,519.59944,350.32741,826.77269,169.27203,687.92174,0.83,2.2,137.82312,1.0,2844.5906,0.055,16.0,,,,
solomon_c101,3,SAA,0,20.0,447.61051,406.69997,959.81193,40.91054,510.01663,0.205,0.25,16.47022,1.0,520.16076,0.0,20.0,,,,
solomon_c101,3,CVAR,0,20.0,460.87424,423.20897,998.77316,37.66527,529.19901,0.24,0.28,17.30306,1.0,476.4554,0.0,19.0,,,,
solomon_c101,3,Q90C,0,30.0,440.79211,419.60355,990.26438,21.18856,476.60715,0.015,0.02,0.81454,1.0,140.37128,0.0,23.0,1.1834,,,
solomon_c101,3,RO,0,20.0,534.96936,473.20591,1116.76594,61.76345,579.46268,0.01,0.015,0.79882,1.0,963.81898,0.0,23.0,,,,
solomon_c101,3,DFR,0,50.0,431.48179,406.82516,960.10738,24.65663,486.77102,0.085,0.1,8.20177,1.0,210.83254,0.0,19.0,1.1702,0.0542,0.864,DF
solomon_c101,3,ORT,0,20.6,875.76374,301.26572,710.98711,574.49802,1002.3589,0.545,1.24,54.55316,1.0,11052.06036,0.095,11.0,,,,
solomon_c101,4,DET,0,20.0,462.96818,444.25858,1048.45024,18.70961,514.73305,0.38,0.48,23.52488,1.0,102.69215,0.0,23.0,,,,
solomon_c101,4,PTO,0,20.0,420.67577,359.92572,849.42469,60.75005,520.71049,0.645,1.105,75.51522,1.0,868.20095,0.0,16.0,,,,
solomon_c101,4,SAA,0,20.0,411.15426,377.24704,890.30302,33.90721,483.56654,0.335,0.5,28.8438,1.0,401.09425,0.0,18.0,,,,
solomon_c101,4,CVAR,0,20.0,437.24572,403.00285,951.08673,34.24287,502.9527,0.195,0.265,18.19748,1.0,425.20744,0.0,18.0,,,,
solomon_c101,4,Q90C,0,30.0,469.66011,392.25879,925.73074,77.40132,519.40641,0.06,0.08,4.1141,1.0,1294.07636,0.0,18.0,1.1523,,,
solomon_c101,4,RO,0,20.0,561.58029,436.92801,1031.15009,124.65229,606.836,0.01,0.015,1.04187,1.0,2238.4457,0.0,23.0,,,,
solomon_c101,4,DFR,0,50.0,399.93428,379.10843,894.6959,20.82585,447.35915,0.1,0.125,5.84655,1.0,168.31697,0.0,18.0,1.1603,0.0451,0.865,DF
solomon_c101,4,ORT,0,20.6,809.13525,313.1762,739.09583,495.95905,912.48866,0.57,1.21,56.58141,1.0,9581.38101,0.04,11.0,,,,
solomon_c101,5,DET,0,20.0,481.83462,337.48959,796.47543,144.34503,627.8051,0.785,2.115,109.55003,1.0,2467.55059,0.025,12.0,,,,
solomon_c101,5,PTO,0,20.0,431.38947,352.39803,831.65936,78.99143,563.29838,0.77,1.845,105.6086,1.0,1190.27865,0.005,17.0,,,,
solomon_c101,5,SAA,0,20.0,471.31202,416.81184,983.67593,54.50018,550.35254,0.34,0.47,32.05522,1.0,803.35363,0.0,17.0,,,,
solomon_c101,5,CVAR,0,20.0,467.33207,368.20021,868.9525,99.13185,550.31851,0.345,0.48,27.36404,1.0,1686.83708,0.005,15.0,,,,
solomon_c101,5,Q90C,0,30.0,432.20036,408.10403,963.12551,24.09633,481.34736,0.045,0.05,2.23612,1.0,209.7766,0.0,21.0,1.1634,,,
solomon_c101,5,RO,0,20.0,478.26715,449.77363,1061.46577,28.49352,516.37137,0.0,0.0,0.0,1.0,298.5204,0.0,23.0,,,,
solomon_c101,5,DFR,0,50.0,441.03393,420.07205,991.37004,20.96188,481.72551,0.04,0.04,2.61818,1.0,140.58751,0.0,22.0,1.1529,0.1197,0.864,DF
solomon_c101,5,ORT,0,20.6,942.23889,295.80821,698.10737,646.43068,1059.25323,0.44,0.835,36.44387,1.0,12521.56359,0.095,12.0,,,,
solomon_c201,1,DET,0,20.0,309.52239,289.11209,682.30454,20.4103,331.10087,0.0,0.0,0.0,1.0,187.80598,0.0,11.0,,,,
solomon_c201,1,PTO,0,20.0,320.80906,303.56483,716.413,17.24422,342.26867,0.0,0.0,0.0,1.0,116.78448,0.0,12.0,,,,
solomon_c201,1,SAA,0,20.0,292.12369,274.70359,648.30047,17.4201,313.67412,0.0,0.0,0.0,1.0,120.15191,0.0,11.0,,,,
solomon_c201,1,CVAR,0,20.0,315.29221,299.17463,706.05212,16.11758,337.89937,0.0,0.0,0.0,1.0,99.85169,0.0,13.0,,,,
solomon_c201,1,Q90C,0,30.0,212.59331,181.00114,427.16269,31.59217,248.94617,0.0,0.0,0.0,1.0,425.64331,0.0,5.0,1.1318,,,
solomon_c201,1,RO,0,20.0,216.88083,203.18457,479.51558,13.69626,242.93478,0.0,0.0,0.0,1.0,69.77522,0.0,6.0,,,,
solomon_c201,1,DFR,0,50.0,292.12369,274.70359,648.30047,17.4201,313.67412,0.0,0.0,0.0,1.0,120.15191,0.0,11.0,1.1318,0.0451,0.684,SAA
solomon_c201,1,ORT,0,20.0,464.03041,437.28599,1031.99494,26.74442,490.96184,0.0,0.0,0.0,0.195,3.08844,0.0,15.0,,,,
solomon_c201,2,DET,0,20.0,293.07925,280.26423,661.42358,12.81502,313.63693,0.0,0.0,0.0,1.0,26.00045,0.0,11.0,,,,
solomon_c201,2,PTO,0,20.0,288.94913,272.75495,643.70167,16.19419,309.01802,0.0,0.0,0.0,1.0,88.43371,0.0,10.0,,,,
solomon_c201,2,SAA,0,20.0,307.53935,293.76347,693.2818,13.77588,327.06273,0.0,0.0,0.0,1.0,31.2175,0.0,12.0,,,,
solomon_c201,2,CVAR,0,20.0,290.97215,274.98925,648.97462,15.9829,310.98609,0.0,0.0,0.0,1.0,98.55804,0.0,11.0,,,,
solomon_c201,2,Q90C,0,30.0,237.42404,221.94033,523.77918,15.48371,264.03228,0.0,0.0,0.0,1.0,70.02412,0.0,8.0,1.1381,,,
solomon_c201,2,RO,0,20.0,190.31855,175.81977,414.93466,14.49878,216.37042,0.0,0.0,0.0,1.0,71.22553,0.0,6.0,,,,
solomon_c201,2,DFR,0,50.0,301.5525,275.36364,649.85819,26.18886,322.40096,0.0,0.0,0.0,1.0,274.67723,0.0,11.0,1.1381,0.0454,0.685,DF
solomon_c201,2,ORT,0,20.0,472.09989,444.75123,1049.61291,27.34866,498.70742,0.0,0.0,0.0,0.57,19.37314,0.0,15.0,,,,
solomon_c201,3,DET,0,20.0,304.02759,285.18624,673.03952,18.84135,325.85609,0.0,0.0,0.0,1.0,142.92702,0.0,11.0,,,,
solomon_c201,3,PTO,0,20.0,298.95303,281.6757,664.75466,17.27733,320.34386,0.0,0.0,0.0,1.0,116.34653,0.0,12.0,,,,
solomon_c201,3,SAA,0,20.0,302.87122,288.24679,680.26243,14.62443,324.79543,0.0,0.0,0.0,1.0,57.23851,0.0,12.0,,,,
solomon_c201,3,CVAR,0,20.0,304.91108,289.52357,683.27563,15.38751,326.27579,0.0,0.0,0.0,1.0,105.00029,0.0,12.0,,,,
solomon_c201,3,Q90C,0,30.0,227.58485,210.84918,497.60406,16.73567,253.18169,0.0,0.0,0.0,1.0,88.41338,0.0,8.0,1.1501,,,
solomon_c201,3,RO,0,20.0,276.54161,254.55846,600.75797,21.98315,298.64766,0.0,0.0,0.0,1.0,159.163,0.0,9.0,,,,
solomon_c201,3,DFR,0,50.0,302.87122,288.24679,680.26243,14.62443,324.79543,0.0,0.0,0.0,1.0,57.23851,0.0,12.0,1.1501,0.066,0.685,SAA
solomon_c201,3,ORT,0,20.0,471.68302,444.61828,1049.29913,27.06475,499.29279,0.0,0.0,0.0,0.585,17.29497,0.0,15.0,,,,
solomon_c201,4,DET,0,20.0,274.78112,258.44195,609.92299,16.33918,296.78328,0.0,0.0,0.0,1.0,100.38351,0.0,10.0,,,,
solomon_c201,4,PTO,0,20.0,311.18528,296.34448,699.37297,14.84081,333.75835,0.0,0.0,0.0,1.0,35.91614,0.0,11.0,,,,
solomon_c201,4,SAA,0,20.0,289.52708,277.55208,655.02291,11.975,311.62514,0.0,0.0,0.0,0.0,0.0,0.0,10.0,,,,
solomon_c201,4,CVAR,0,20.0,272.94368,254.79642,601.31954,18.14726,295.08103,0.0,0.0,0.0,1.0,141.34522,0.0,11.0,,,,
solomon_c201,4,Q90C,0,30.0,302.62201,281.75667,664.94574,20.86534,324.94077,0.0,0.0,0.0,1.0,136.20675,0.0,12.0,1.148,,,
solomon_c201,4,RO,0,20.0,268.24368,244.80367,577.73667,23.44001,297.8084,0.0,0.0,0.0,1.0,242.65016,0.0,8.0,,,,
solomon_c201,4,DFR,0,50.0,289.52708,277.55208,655.02291,11.975,311.62514,0.0,0.0,0.0,0.0,0.0,0.0,10.0,1.148,0.0451,0.684,SAA
solomon_c201,4,ORT,0,20.0,463.38147,435.56384,1027.93065,27.81764,491.48086,0.0,0.0,0.0,0.45,14.45271,0.0,15.0,,,,
solomon_c201,5,DET,0,20.0,292.54143,276.68118,652.96759,15.86025,316.3533,0.0,0.0,0.0,1.0,58.25501,0.0,11.0,,,,
solomon_c201,5,PTO,0,20.0,311.01234,292.18348,689.553,18.82887,334.52188,0.0,0.0,0.0,1.0,125.32733,0.0,11.0,,,,
solomon_c201,5,SAA,0,20.0,298.6632,282.4587,666.60252,16.2045,322.10495,0.0,0.0,0.0,1.0,63.29004,0.0,11.0,,,,
solomon_c201,5,CVAR,0,20.0,288.24632,267.90272,632.25041,20.3436,312.5473,0.0,0.0,0.0,1.0,145.42209,0.0,10.0,,,,
solomon_c201,5,Q90C,0,30.0,235.34369,219.54113,518.11707,15.80256,259.14665,0.0,0.0,0.0,1.0,75.75118,0.0,8.0,1.1333,,,
solomon_c201,5,RO,0,20.0,196.1095,179.47519,423.56146,16.6343,224.53003,0.0,0.0,0.0,1.0,103.13608,0.0,6.0,,,,
solomon_c201,5,DFR,0,50.0,283.5966,264.7676,624.85153,18.829,307.66789,0.0,0.0,0.0,1.0,114.37993,0.0,10.0,1.1333,0.0545,0.684,DF
solomon_c201,5,ORT,0,20.0,466.02062,436.86117,1030.99237,29.15945,495.32672,0.0,0.0,0.0,0.495,13.53893,0.0,15.0,,,,
solomon_r102,1,DET,0,20.0,547.24836,451.9179,1066.52625,95.33046,735.78659,0.015,0.015,0.53073,1.0,935.40916,0.315,30.0,,,,
solomon_r102,1,PTO,0,20.0,570.19971,449.92508,1061.82318,120.27463,766.09069,0.045,0.045,1.70675,1.0,1060.69261,0.525,28.0,,,,
solomon_r102,1,SAA,0,20.0,525.08994,455.86376,1075.83847,69.22619,619.82794,0.005,0.005,0.20248,1.0,935.37373,0.11,31.0,,,,
solomon_r102,1,CVAR,0,20.0,526.74278,477.07232,1125.89067,49.67046,589.09785,0.005,0.005,0.17805,1.0,646.80929,0.05,32.0,,,,
solomon_r102,1,Q90C,0,30.0,528.09728,464.6468,1096.56645,63.45048,625.3491,0.01,0.01,0.38053,1.0,822.75962,0.115,29.0,1.2248,,,
solomon_r102,1,RO,0,20.0,523.45698,466.38109,1100.65937,57.0759,597.04895,0.01,0.01,0.70711,1.0,756.71791,0.04,31.0,,,,
solomon_r102,1,DFR,0,50.0,517.16226,451.95497,1066.61372,65.20729,577.52453,0.0,0.0,0.0,1.0,959.64578,0.025,31.0,1.2266,0.1091,0.855,DF
solomon_r102,1,ORT,0,20.0,749.76884,702.01627,1656.7584,47.75257,808.60235,0.02,0.02,0.82095,1.0,181.40138,0.03,48.0,,,,
solomon_r102,2,DET,0,20.0,532.25108,445.08623,1050.4035,87.16485,701.17755,0.0,0.0,0.0,1.0,1015.6971,0.225,28.0,,,,
solomon_r102,2,PTO,0,20.0,530.36029,429.19417,1012.89823,101.16612,705.46708,0.0,0.0,0.0,1.0,1059.47244,0.38,28.0,,,,
solomon_r102,2,SAA,0,20.0,512.19859,444.4975,1049.0141,67.70109,615.21141,0.0,0.0,0.0,1.0,949.77171,0.07,28.0,,,,
solomon_r102,2,CVAR,0,20.0,515.22471,472.96059,1116.18698,42.26413,571.19548,0.0,0.0,0.0,1.0,522.78253,0.02,33.0,,,,
solomon_r102,2,Q90C,0,30.0,511.01916,455.62729,1075.28039,55.39187,575.60227,0.0,0.0,0.0,1.0,769.8374,0.035,30.0,1.2135,,,
solomon_r102,2,RO,0,20.0,534.95919,468.25027,1105.07063,66.70892,615.35517,0.0,0.0,0.0,1.0,928.52843,0.075,32.0,,,,
solomon_r102,2,DFR,0,50.0,512.19859,444.4975,1049.0141,67.70109,615.21141,0.0,0.0,0.0,1.0,949.77171,0.07,28.0,1.2135,0.1487,0.856,SAA
solomon_r102,2,ORT,0,20.0,750.60254,700.83558,1653.97198,49.76696,826.62483,0.0,0.0,0.0,1.0,196.0391,0.06,47.0,,,,
solomon_r102,3,DET,0,20.0,538.53249,451.29366,1065.05305,87.23882,718.99069,0.035,0.035,1.63148,1.0,1062.07645,0.2,30.0,,,,
solomon_r102,3,PTO,0,20.0,522.30169,461.19398,1088.41779,61.10771,660.10867,0.02,0.025,0.96597,1.0,709.85416,0.135,30.0,,,,
solomon_r102,3,SAA,0,20.0,564.22154,487.05611,1149.45241,77.16543,680.24166,0.005,0.01,0.58865,1.0,1075.45856,0.15,31.0,,,,
solomon_r102,3,CVAR,0,20.0,522.67214,460.58489,1086.98033,62.08725,593.07257,0.005,0.01,0.2963,1.0,900.94504,0.065,31.0,,,,
solomon_r102,3,Q90C,0,30.0,541.66734,476.46898,1124.46679,65.19836,658.47006,0.005,0.01,0.34957,1.0,824.66717,0.15,29.0,1.2071,,,
solomon_r102,3,RO,0,20.0,539.54008,476.8855,1125.44977,62.65459,620.39552,0.005,0.01,0.367,1.0,882.09172,0.065,32.0,,,,
solomon_r102,3,DFR,0,50.0,527.56364,472.25786,1114.52856,55.30578,620.15184,0.015,0.02,0.87826,1.0,701.86559,0.085,32.0,1.2071,0.0451,0.857,DF
solomon_r102,3,ORT,0,20.0,746.24714,700.65805,1653.553,45.58908,806.63864,0.03,0.035,1.54152,1.0,169.78167,0.03,48.0,,,,
solomon_r102,4,DET,0,20.0,552.22217,448.89161,1059.3842,103.33057,743.91077,0.01,0.01,0.43358,1.0,1147.46131,0.315,28.0,,,,
solomon_r102,4,PTO,0,20.0,550.34624,444.63789,1049.34542,105.70834,761.68367,0.025,0.03,0.94932,1.0,1076.8169,0.355,27.0,,,,
solomon_r102,4,SAA,0,20.0,529.72212,465.05667,1097.53374,64.66545,628.90627,0.015,0.02,1.05037,1.0,830.25896,0.1,31.0,,,,
solomon_r102,4,CVAR,0,20.0,521.08956,454.36886,1072.3105,66.7207,610.08976,0.01,0.015,0.74082,1.0,932.96398,0.065,31.0,,,,
solomon_r102,4,Q90C,0,30.0,517.10216,444.37517,1048.7254,72.72699,607.13117,0.01,0.015,0.74082,1.0,1049.23987,0.07,28.0,1.2217,,,
solomon_r102,4,RO,0,20.0,508.33008,448.73985,1059.02604,59.59023,599.48493,0.005,0.005,0.25554,1.0,777.45466,0.075,30.0,,,,
solomon_r102,4,DFR,0,50.0,499.14003,438.76697,1035.49004,60.37307,589.24481,0.015,0.02,0.89687,1.0,817.96137,0.055,29.0,1.2203,0.0451,0.856,DF
solomon_r102,4,ORT,0,20.0,749.1187,700.73707,1653.73948,48.38163,812.21732,0.035,0.04,1.86434,1.0,189.18257,0.04,48.0,,,,
solomon_r102,5,DET,0,20.0,520.81794,448.20181,1057.75627,72.61613,613.99746,0.0,0.0,0.0,1.0,1016.8727,0.135,29.0,,,,
solomon_r102,5,PTO,0,20.0,536.6027,455.96792,1076.0843,80.63477,700.27003,0.01,0.01,0.61803,1.0,928.74548,0.225,28.0,,,,
solomon_r102,5,SAA,0,20.0,517.23492,447.09343,1055.1405,70.14148,622.08014,0.005,0.005,0.20616,1.0,987.07968,0.095,28.0,,,,
solomon_r102,5,CVAR,0,20.0,523.504,457.52019,1079.74765,65.98381,596.65793,0.01,0.01,0.21042,1.0,996.02621,0.06,29.0,,,,
solomon_r102,5,Q90C,0,30.0,511.06234,452.31227,1067.45696,58.75007,567.55604,0.0,0.0,0.0,1.0,895.20141,0.015,29.0,1.1877,,,
solomon_r102,5,RO,0,20.0,534.55366,466.96807,1102.04465,67.58559,631.73769,0.0,0.0,0.0,1.0,953.21181,0.095,31.0,,,,
solomon_r102,5,DFR,0,50.0,517.23492,447.09343,1055.1405,70.14148,622.08014,0.005,0.005,0.20616,1.0,987.07968,0.095,28.0,1.1877,0.0641,0.857,SAA
solomon_r102,5,ORT,0,20.0,745.19895,701.44205,1655.40324,43.7569,805.17698,0.03,0.03,1.38068,1.0,165.93805,0.03,48.0,,,,
solomon_r202,1,DET,0,20.0,359.4547,331.16416,781.54743,28.29053,399.6707,0.0,0.0,0.0,1.0,241.01069,0.02,14.0,,,,
solomon_r202,1,PTO,0,20.0,358.55978,340.78902,804.26208,17.77076,388.77589,0.0,0.0,0.0,1.0,73.51526,0.0,16.0,,,,
solomon_r202,1,SAA,0,20.0,342.17431,320.04409,755.30405,22.13022,370.18785,0.0,0.0,0.0,1.0,152.70444,0.0,14.0,,,,
solomon_r202,1,CVAR,0,20.0,367.19977,347.90437,821.05431,19.2954,398.51863,0.0,0.0,0.0,1.0,98.30794,0.0,15.0,,,,
solomon_r202,1,Q90C,0,30.0,342.17431,320.04409,755.30405,22.13022,370.18785,0.0,0.0,0.0,1.0,152.70444,0.0,14.0,1.1561,,,
solomon_r202,1,RO,0,20.0,342.17431,320.04409,755.30405,22.13022,370.18785,0.0,0.0,0.0,1.0,152.70444,0.0,14.0,,,,
solomon_r202,1,DFR,0,50.0,342.17431,320.04409,755.30405,22.13022,370.18785,0.0,0.0,0.0,1.0,152.70444,0.0,14.0,1.1561,0.0451,0.691,SAA
solomon_r202,1,ORT,0,20.0,485.40939,452.35272,1067.55242,33.05667,535.89474,0.0,0.0,0.0,0.675,38.88336,0.03,18.0,,,,
solomon_r202,2,DET,0,20.0,321.87851,295.13758,696.5247,26.74093,355.99427,0.0,0.0,0.0,1.0,264.36851,0.01,13.0,,,,
solomon_r202,2,PTO,0,20.0,347.79462,326.73749,771.10048,21.05713,383.83305,0.0,0.0,0.0,1.0,145.54251,0.015,15.0,,,,
solomon_r202,2,SAA,0,20.0,361.95214,346.0297,816.63008,15.92244,388.13963,0.0,0.0,0.0,1.0,43.5988,0.0,17.0,,,,
solomon_r202,2,CVAR,0,20.0,334.52962,319.37818,753.7325,15.15144,361.19044,0.0,0.0,0.0,1.0,27.52884,0.0,15.0,,,,
solomon_r202,2,Q90C,0,30.0,361.95214,346.0297,816.63008,15.92244,388.13963,0.0,0.0,0.0,1.0,43.5988,0.0,17.0,1.1429,,,
solomon_r202,2,RO,0,20.0,361.95214,346.0297,816.63008,15.92244,388.13963,0.0,0.0,0.0,1.0,43.5988,0.0,17.0,,,,
solomon_r202,2,DFR,0,50.0,361.95214,346.0297,816.63008,15.92244,388.13963,0.0,0.0,0.0,1.0,43.5988,0.0,17.0,1.1429,0.0465,0.691,SAA
solomon_r202,2,ORT,0,20.0,477.80247,446.02737,1052.62459,31.77511,527.56443,0.0,0.0,0.0,0.52,18.00211,0.05,18.0,,,,
solomon_r202,3,DET,0,20.0,338.42687,319.34217,753.64752,19.0847,366.51258,0.0,0.0,0.0,1.0,83.74397,0.0,17.0,,,,
solomon_r202,3,PTO,0,20.0,342.78332,319.84157,754.8261,22.94175,370.78787,0.0,0.0,0.0,1.0,168.28504,0.0,15.0,,,,
solomon_r202,3,SAA,0,20.0,331.06451,306.57873,723.5258,24.48579,362.35407,0.0,0.0,0.0,1.0,199.8157,0.0,14.0,,,,
solomon_r202,3,CVAR,0,20.0,359.6275,341.36109,805.61217,18.26641,388.94024,0.0,0.0,0.0,1.0,78.27828,0.005,16.0,,,,
solomon_r202,3,Q90C,0,30.0,331.06451,306.57873,723.5258,24.48579,362.35407,0.0,0.0,0.0,1.0,199.8157,0.0,14.0,1.1448,,,
solomon_r202,3,RO,0,20.0,331.06451,306.57873,723.5258,24.48579,362.35407,0.0,0.0,0.0,1.0,199.8157,0.0,14.0,,,,
solomon_r202,3,DFR,0,50.0,333.99628,305.60717,721.23293,28.3891,371.10468,0.0,0.0,0.0,1.0,276.93208,0.01,13.0,1.1448,0.0464,0.689,SAA
solomon_r202,3,ORT,0,20.0,487.23162,452.26671,1067.34944,34.9649,541.69573,0.0,0.0,0.0,0.735,35.54806,0.045,18.0,,,,
solomon_r202,4,DET,0,20.0,358.65181,341.22728,805.29638,17.42453,399.60295,0.0,0.0,0.0,1.0,77.39064,0.025,17.0,,,,
solomon_r202,4,PTO,0,20.0,332.63513,319.95125,755.08495,12.68388,357.79154,0.0,0.0,0.0,1.0,11.32763,0.0,14.0,,,,
solomon_r202,4,SAA,0,20.0,333.95251,312.00736,736.33737,21.94515,361.88078,0.0,0.0,0.0,1.0,174.50298,0.0,15.0,,,,
solomon_r202,4,CVAR,0,20.0,329.32018,313.40119,739.62681,15.91899,354.68816,0.0,0.0,0.0,1.0,75.37979,0.0,16.0,,,,
solomon_r202,4,Q90C,0,30.0,333.95251,312.00736,736.33737,21.94515,361.88078,0.0,0.0,0.0,1.0,174.50298,0.0,15.0,1.1587,,,
solomon_r202,4,RO,0,20.0,333.95251,312.00736,736.33737,21.94515,361.88078,0.0,0.0,0.0,1.0,174.50298,0.0,15.0,,,,
solomon_r202,4,DFR,0,50.0,333.95251,312.00736,736.33737,21.94515,361.88078,0.0,0.0,0.0,1.0,174.50298,0.0,15.0,1.1587,0.0451,0.691,SAA
solomon_r202,4,ORT,0,20.0,471.03407,442.23284,1043.66951,28.80123,507.37063,0.0,0.0,0.0,0.57,18.07457,0.015,18.0,,,,
solomon_r202,5,DET,0,20.0,349.45433,328.90839,776.22381,20.54593,402.45218,0.0,0.0,0.0,1.0,97.46864,0.06,15.0,,,,
solomon_r202,5,PTO,0,20.0,367.10849,349.30521,824.3603,17.80328,409.41368,0.0,0.0,0.0,1.0,56.66558,0.035,17.0,,,,
solomon_r202,5,SAA,0,20.0,373.02094,351.65392,829.90325,21.36702,407.47013,0.0,0.0,0.0,1.0,114.89043,0.015,15.0,,,,
solomon_r202,5,CVAR,0,20.0,357.74206,333.3229,786.64205,24.41916,390.05842,0.0,0.0,0.0,1.0,186.73314,0.0,16.0,,,,
solomon_r202,5,Q90C,0,30.0,373.02094,351.65392,829.90325,21.36702,407.47013,0.0,0.0,0.0,1.0,114.89043,0.015,15.0,1.1563,,,
solomon_r202,5,RO,0,20.0,373.02094,351.65392,829.90325,21.36702,407.47013,0.0,0.0,0.0,1.0,114.89043,0.015,15.0,,,,
solomon_r202,5,DFR,0,50.1,373.02094,351.65392,829.90325,21.36702,407.47013,0.0,0.0,0.0,1.0,114.89043,0.015,15.0,1.161,0.0451,0.691,SAA
solomon_r202,5,ORT,0,20.0,477.39144,445.68056,1051.80613,31.71088,531.93615,0.0,0.0,0.0,0.525,16.61752,0.06,18.0,,,,
solomon_rc101,1,DET,0,20.0,662.88294,568.02988,1340.55051,94.85306,812.45777,0.035,0.035,2.5392,1.0,1364.46118,0.135,29.0,,,,
solomon_rc101,1,PTO,0,20.0,738.23784,625.32073,1475.75692,112.91711,927.39626,0.01,0.01,0.8362,1.0,1244.39222,0.405,29.0,,,,
solomon_rc101,1,SAA,0,20.0,658.40529,592.14178,1397.45461,66.2635,756.30587,0.0,0.0,0.0,1.0,886.8201,0.12,31.0,,,,
solomon_rc101,1,CVAR,0,20.0,681.31078,617.32316,1456.88265,63.98763,757.28452,0.0,0.0,0.0,1.0,972.15253,0.025,33.0,,,,
solomon_rc101,1,Q90C,0,30.0,694.64546,620.58623,1464.58351,74.05923,800.1559,0.0,0.0,0.0,1.0,1067.78458,0.075,34.0,1.2047,,,
solomon_rc101,1,RO,0,20.0,680.83417,625.86165,1477.0335,54.97252,773.81174,0.0,0.0,0.0,1.0,739.85032,0.075,32.0,,,,
solomon_rc101,1,DFR,0,50.1,641.54022,561.15289,1324.32083,80.38733,734.62525,0.0,0.0,0.0,1.0,1206.99656,0.105,29.0,1.2047,0.0457,0.862,SAA
solomon_rc101,1,ORT,0,20.0,927.29807,884.44508,2087.29038,42.85299,997.09166,0.0,0.0,0.0,0.89,170.1098,0.02,44.0,,,,
solomon_rc101,2,DET,0,20.0,645.84469,551.71523,1302.04795,94.12946,795.22378,0.01,0.01,0.8109,1.0,1160.23922,0.275,27.0,,,,
solomon_rc101,2,PTO,0,20.0,700.84824,563.8499,1330.68577,136.99834,961.7801,0.005,0.005,0.43012,1.0,1509.51683,0.335,26.0,,,,
solomon_rc101,2,SAA,0,20.0,672.50924,591.70729,1396.4292,80.80195,791.69882,0.015,0.015,1.08016,1.0,1101.53904,0.145,32.0,,,,
solomon_rc101,2,CVAR,0,20.0,670.13812,602.09041,1420.93338,68.0477,762.0108,0.005,0.005,0.43012,1.0,968.35401,0.065,32.0,,,,
solomon_rc101,2,Q90C,0,30.0,651.11224,588.02527,1387.73964,63.08697,751.62285,0.005,0.005,0.40311,1.0,846.48936,0.08,31.0,1.2021,,,
solomon_rc101,2,RO,0,20.0,675.26838,595.39353,1405.12872,79.87485,785.56011,0.005,0.005,0.40311,1.0,1133.347,0.105,30.0,,,,
solomon_rc101,2,DFR,0,50.0,650.17357,557.82141,1316.45853,92.35216,777.15393,0.005,0.005,0.44204,1.0,1342.84321,0.115,28.0,1.201,0.0451,0.858,DF
solomon_rc101,2,ORT,0,20.0,896.96308,848.4832,2002.42036,48.47987,981.01855,0.0,0.0,0.0,0.935,217.74745,0.04,42.0,,,,
solomon_rc101,3,DET,0,20.0,706.52576,607.25819,1433.12932,99.26757,851.04921,0.005,0.005,0.36056,1.0,1282.2515,0.275,31.0,,,,
solomon_rc101,3,PTO,0,20.0,699.03604,563.13036,1328.98765,135.90568,936.88164,0.035,0.035,2.44748,1.0,1438.71355,0.46,29.0,,,,
solomon_rc101,3,SAA,0,20.0,677.35013,597.34243,1409.72814,80.0077,816.47679,0.0,0.0,0.0,1.0,1070.30402,0.125,30.0,,,,
solomon_rc101,3,CVAR,0,20.0,678.61556,626.01635,1477.39859,52.59921,782.66401,0.005,0.005,0.38079,1.0,640.83424,0.07,33.0,,,,
solomon_rc101,3,Q90C,0,30.0,698.35932,626.23949,1477.9252,72.11983,808.9742,0.0,0.0,0.0,1.0,990.94651,0.08,33.0,1.1876,,,
solomon_rc101,3,RO,0,20.0,688.65497,615.61914,1452.86116,73.03583,832.43371,0.0,0.0,0.0,1.0,931.16659,0.115,31.0,,,,
solomon_rc101,3,DFR,0,50.1,673.87415,594.86918,1403.89126,79.00497,812.27236,0.0,0.0,0.0,1.0,1052.54933,0.125,30.0,1.1876,0.0451,0.859,SAA
solomon_rc101,3,ORT,0,20.0,941.37331,894.22247,2110.36503,47.15084,1013.6631,0.005,0.005,0.38079,0.92,210.21675,0.03,45.0,,,,
solomon_rc101,4,DET,0,20.0,682.09346,590.73567,1394.13617,91.35779,864.21501,0.01,0.01,0.80623,1.0,1188.55589,0.145,29.0,,,,
solomon_rc101,4,PTO,0,20.0,727.51853,557.86672,1316.56547,169.6518,1027.09878,0.005,0.005,0.15524,1.0,1710.53606,0.51,26.0,,,,
solomon_rc101,4,SAA,0,20.0,671.86779,565.58072,1334.77051,106.28707,877.59605,0.01,0.01,0.74404,1.0,1360.29136,0.21,28.0,,,,
solomon_rc101,4,CVAR,0,20.0,659.95774,598.38214,1412.18185,61.5756,763.33253,0.005,0.005,0.4005,1.0,852.61194,0.04,31.0,,,,
solomon_rc101,4,Q90C,0,30.0,648.64417,558.27886,1317.5381,90.36531,840.22208,0.01,0.01,0.79101,1.0,1122.25618,0.19,28.0,1.1931,,,
solomon_rc101,4,RO,0,20.0,666.03949,582.5965,1374.92773,83.44299,800.61268,0.005,0.005,0.4005,1.0,1187.85976,0.085,31.0,,,,
solomon_rc101,4,DFR,0,50.1,667.14726,559.34652,1320.05779,107.80074,886.26387,0.01,0.01,0.74404,1.0,1355.56489,0.21,27.0,1.1951,0.0878,0.86,SAA
solomon_rc101,4,ORT,0,20.0,891.27033,844.88419,1993.92669,46.38614,973.60889,0.0,0.0,0.0,0.905,221.17272,0.025,41.0,,,,
solomon_rc101,5,DET,0,20.0,698.58517,562.97825,1328.62868,135.60691,943.56474,0.01,0.015,1.14631,1.0,1702.38828,0.26,29.0,,,,
solomon_rc101,5,PTO,0,20.0,653.31196,564.26871,1331.67415,89.04325,815.11433,0.07,0.07,5.87721,1.0,1154.16496,0.125,27.0,,,,
solomon_rc101,5,SAA,0,20.0,693.54625,575.81862,1358.93194,117.72763,853.8345,0.055,0.06,3.23078,1.0,1544.95258,0.32,30.0,,,,
solomon_rc101,5,CVAR,0,20.0,663.67075,593.19656,1399.94389,70.47419,777.72025,0.015,0.015,1.24227,1.0,999.43377,0.06,29.0,,,,
solomon_rc101,5,Q90C,0,30.0,640.97732,575.04426,1357.10445,65.93306,735.42344,0.015,0.015,1.19169,1.0,938.7612,0.055,30.0,1.1965,,,
solomon_rc101,5,RO,0,20.0,661.1209,580.70859,1370.47227,80.41231,780.3825,0.01,0.01,0.83323,1.0,1131.54629,0.12,29.0,,,,
solomon_rc101,5,DFR,0,50.1,689.19218,587.97947,1387.63155,101.21271,827.67992,0.055,0.06,3.23078,1.0,1435.85421,0.185,31.0,1.1975,0.0451,0.86,SAA
solomon_rc101,5,ORT,0,20.0,914.39118,867.55234,2047.42353,46.83883,986.9342,0.005,0.005,0.43012,0.895,215.52661,0.025,43.0,,,,
solomon_rc201,1,DET,0,20.0,471.88986,447.23531,1055.47534,24.65455,506.62045,0.0,0.0,0.0,1.0,225.74094,0.005,18.0,,,,
solomon_rc201,1,PTO,0,20.0,452.1121,421.50096,994.74226,30.61114,496.4531,0.0,0.0,0.0,1.0,316.97281,0.045,16.0,,,,
solomon_rc201,1,SAA,0,20.0,451.66835,419.88304,990.92396,31.78531,483.66881,0.0,0.0,0.0,1.0,371.80629,0.005,18.0,,,,
solomon_rc201,1,CVAR,0,20.0,452.27664,428.90361,1012.21252,23.37303,479.01369,0.0,0.0,0.0,1.0,226.11053,0.0,18.0,,,,
solomon_rc201,1,Q90C,0,30.0,451.66835,419.88304,990.92396,31.78531,483.66881,0.0,0.0,0.0,1.0,371.80629,0.005,18.0,1.1601,,,
solomon_rc201,1,RO,0,20.0,477.74382,420.22078,991.72104,57.52304,512.96241,0.0,0.0,0.0,1.0,890.66076,0.0,16.0,,,,
solomon_rc201,1,DFR,0,50.0,441.2743,415.11735,979.67694,26.15695,469.00113,0.0,0.0,0.0,1.0,273.63908,0.0,16.0,1.1532,0.0451,0.68,DF
solomon_rc201,1,ORT,0,20.0,579.93001,544.97082,1286.13113,34.95919,653.21547,0.0,0.0,0.0,0.71,62.83376,0.06,19.0,,,,
solomon_rc201,2,DET,0,20.0,455.45134,425.96028,1005.26627,29.49106,496.96546,0.0,0.0,0.0,1.0,311.12122,0.02,16.0,,,,
solomon_rc201,2,PTO,0,20.0,464.59392,430.34325,1015.61008,34.25067,498.55922,0.0,0.0,0.0,1.0,426.8133,0.0,16.0,,,,
solomon_rc201,2,SAA,0,20.0,469.33856,428.01443,1010.11406,41.32413,496.94374,0.0,0.0,0.0,1.0,581.28254,0.0,16.0,,,,
solomon_rc201,2,CVAR,0,20.0,430.46418,404.5846,954.81966,25.87958,460.96016,0.0,0.0,0.0,1.0,267.09161,0.0,16.0,,,,
solomon_rc201,2,Q90C,0,30.0,469.33856,428.01443,1010.11406,41.32413,496.94374,0.0,0.0,0.0,1.0,581.28254,0.0,16.0,1.1539,,,
solomon_rc201,2,RO,0,20.0,403.94949,362.46089,855.4077,41.4886,430.98829,0.0,0.0,0.0,1.0,554.92207,0.0,16.0,,,,
solomon_rc201,2,DFR,0,50.0,469.33856,428.01443,1010.11406,41.32413,496.94374,0.0,0.0,0.0,1.0,581.28254,0.0,16.0,1.1539,0.1158,0.681,SAA
solomon_rc201,2,ORT,0,20.0,565.25061,531.99063,1255.49789,33.25997,619.70648,0.0,0.0,0.0,0.74,73.69946,0.045,18.0,,,,
solomon_rc201,3,DET,0,20.0,454.37269,421.95518,995.81422,32.41752,484.4014,0.0,0.0,0.0,1.0,394.50034,0.0,18.0,,,,
solomon_rc201,3,PTO,0,20.0,452.34106,425.81647,1004.92687,26.52458,483.1187,0.0,0.0,0.0,1.0,275.59169,0.0,18.0,,,,
solomon_rc201,3,SAA,0,20.0,443.73401,411.24355,970.53477,32.49046,477.1789,0.0,0.0,0.0,1.0,384.70928,0.0,17.0,,,,
solomon_rc201,3,CVAR,0,20.0,408.14731,378.76406,893.88319,29.38325,437.25001,0.0,0.0,0.0,1.0,329.26501,0.0,18.0,,,,
solomon_rc201,3,Q90C,0,30.0,443.73401,411.24355,970.53477,32.49046,477.1789,0.0,0.0,0.0,1.0,384.70928,0.0,17.0,1.1539,,,
solomon_rc201,3,RO,0,20.0,414.8796,379.19264,894.89463,35.68696,444.68646,0.0,0.0,0.0,1.0,441.28924,0.0,15.0,,,,
solomon_rc201,3,DFR,0,50.0,443.73401,411.24355,970.53477,32.49046,477.1789,0.0,0.0,0.0,1.0,384.70928,0.0,17.0,1.1539,0.0451,0.679,SAA
solomon_rc201,3,ORT,0,20.0,579.53484,545.81449,1288.12221,33.72034,640.26743,0.0,0.0,0.0,0.7,48.85681,0.045,19.0,,,,
solomon_rc201,4,DET,0,20.0,438.13253,412.69102,973.95081,25.44151,473.4693,0.0,0.0,0.0,1.0,212.38018,0.0,17.0,,,,
solomon_rc201,4,PTO,0,20.0,457.59327,435.24977,1027.18946,22.3435,489.51003,0.0,0.0,0.0,1.0,164.71994,0.0,17.0,,,,
solomon_rc201,4,SAA,0,20.0,443.72609,415.98639,981.72787,27.7397,486.24657,0.0,0.0,0.0,1.0,274.94397,0.0,16.0,,,,
solomon_rc201,4,CVAR,0,20.0,453.32256,434.70227,1025.89736,18.62029,482.99221,0.0,0.0,0.0,1.0,103.60581,0.0,18.0,,,,
solomon_rc201,4,Q90C,0,30.0,444.19686,413.83041,976.63978,30.36645,477.95543,0.0,0.0,0.0,1.0,338.62902,0.0,16.0,1.1604,,,
solomon_rc201,4,RO,0,20.0,428.42709,392.33713,925.91563,36.08996,475.3025,0.0,0.0,0.0,1.0,429.39913,0.03,14.0,,,,
solomon_rc201,4,DFR,0,50.0,443.72609,415.98639,981.72787,27.7397,486.24657,0.0,0.0,0.0,1.0,274.94397,0.0,16.0,1.1604,0.0473,0.68,SAA
solomon_rc201,4,ORT,0,20.0,569.35108,532.30629,1256.24285,37.04479,641.27894,0.0,0.0,0.0,0.775,103.04571,0.07,18.0,,,,
solomon_rc201,5,DET,0,20.0,467.6074,435.64256,1028.11643,31.96484,504.73502,0.0,0.0,0.0,1.0,371.79681,0.0,17.0,,,,
solomon_rc201,5,PTO,0,20.0,434.64838,414.07639,977.22028,20.572,464.27474,0.0,0.0,0.0,1.0,139.48991,0.0,17.0,,,,
solomon_rc201,5,SAA,0,20.0,468.64627,441.65419,1042.30389,26.99208,501.08733,0.0,0.0,0.0,1.0,250.04155,0.005,17.0,,,,
solomon_rc201,5,CVAR,0,20.0,426.02042,397.82599,938.86934,28.19443,458.11201,0.0,0.0,0.0,1.0,298.93861,0.005,16.0,,,,
solomon_rc201,5,Q90C,0,30.0,467.84363,440.18975,1038.84781,27.65387,500.4938,0.0,0.0,0.0,1.0,276.82749,0.005,17.0,1.1499,,,
solomon_rc201,5,RO,0,20.0,438.1066,395.24385,932.77549,42.86275,475.21508,0.0,0.0,0.0,1.0,560.50498,0.01,12.0,,,,
solomon_rc201,5,DFR,0,50.0,468.64627,441.65419,1042.30389,26.99208,501.08733,0.0,0.0,0.0,1.0,250.04155,0.005,17.0,1.1528,0.0451,0.68,SAA
solomon_rc201,5,ORT,0,20.0,569.64396,532.66638,1257.09265,36.97759,634.34002,0.0,0.0,0.0,0.775,104.00177,0.055,18.0,,,,
