family,rep,method,seed,E_cost,E_fuel,E_emission,E_recourse,CVaR_cost,P_trigger,E_returns,E_return_km,P_late,E_late_min,P_defer,n_veh,secs
nyc_manhattan,1,SAA,0,43.87036,32.97036,77.81006,10.9,52.80924,0.315,0.39,3.16512,0.0,0.0,0.0,8.0,20.0
nyc_manhattan,1,SAA,1,44.21955,29.91955,70.61013,14.3,55.72541,0.305,0.525,4.23991,0.0,0.0,0.0,7.0,20.0
nyc_manhattan,1,SAA,2,41.81414,31.99164,75.50027,9.8225,52.26455,0.325,0.535,2.97171,0.0,0.0,0.0,7.0,20.0
nyc_manhattan,1,SAA,3,44.46613,34.66113,81.80026,9.805,54.55251,0.295,0.53,2.11401,0.0,0.0,0.0,7.0,20.0
nyc_manhattan,1,SAA,4,43.69283,33.48033,79.01359,10.2125,54.32119,0.28,0.44,2.97677,0.0,0.0,0.0,7.0,20.0
nyc_manhattan,1,SAA,5,43.87293,33.66793,79.45631,10.205,53.36332,0.32,0.475,2.03826,0.0,0.0,0.0,7.0,20.0
nyc_manhattan,1,SAA,6,45.28086,34.49336,81.40434,10.7875,54.52006,0.275,0.44,1.4504,0.0,0.0,0.0,7.0,20.0
nyc_manhattan,1,SAA,7,45.04215,34.38465,81.14776,10.6575,55.63658,0.365,0.62,3.66788,0.0,0.0,0.0,7.0,20.0
nyc_manhattan,1,SAA,8,42.6414,31.9014,75.28731,10.74,52.87482,0.25,0.41,2.43255,0.0,0.0,0.0,7.0,20.0
nyc_manhattan,1,SAA,9,44.68147,30.96147,73.06908,13.72,57.25051,0.325,0.575,5.03169,0.0,0.0,0.0,7.0,20.0
nyc_manhattan,1,DFR,0,40.52607,29.87857,70.51341,10.6475,51.18599,0.24,0.36,2.70864,0.0,0.0,0.0,7.0,50.0
nyc_manhattan,1,DFR,1,41.80341,32.98341,77.84086,8.82,52.19524,0.21,0.34,2.93335,0.0,0.0,0.0,7.0,50.0
nyc_manhattan,1,DFR,2,41.53715,31.34215,73.96747,10.195,51.11953,0.255,0.38,2.70309,0.0,0.0,0.0,7.0,50.0
nyc_manhattan,1,DFR,3,43.07607,31.15107,73.51652,11.925,53.53558,0.25,0.365,3.14264,0.0,0.0,0.0,8.0,50.0
nyc_manhattan,1,DFR,4,41.11427,31.86177,75.19379,9.2525,51.10206,0.25,0.35,2.64199,0.0,0.0,0.0,7.0,50.0
nyc_manhattan,1,DFR,5,42.09931,30.91681,72.96367,11.1825,53.5309,0.24,0.355,3.618,0.0,0.0,0.0,7.0,50.0
nyc_manhattan,1,DFR,6,40.22657,30.04157,70.89811,10.185,50.44251,0.25,0.38,3.05427,0.0,0.0,0.0,7.0,50.0
nyc_manhattan,1,DFR,7,39.8641,30.2366,71.35838,9.6275,49.70831,0.24,0.355,2.71326,0.0,0.0,0.0,7.0,50.0
nyc_manhattan,1,DFR,8,38.43524,28.43524,67.10718,10.0,48.59042,0.235,0.35,2.96983,0.0,0.0,0.0,7.0,50.0
nyc_manhattan,1,DFR,9,41.56206,32.03956,75.61337,9.5225,51.22291,0.26,0.365,2.92441,0.0,0.0,0.0,7.0,50.0
nyc_queens,1,SAA,0,41.52703,37.45453,88.3927,4.0725,51.02539,0.32,0.345,4.73187,0.0,0.0,0.0,4.0,20.0
nyc_queens,1,SAA,1,43.5478,39.0753,92.21771,4.4725,54.21383,0.25,0.29,4.9311,0.0,0.0,0.0,4.0,20.0
nyc_queens,1,SAA,2,41.66894,37.24144,87.88979,4.4275,51.48628,0.285,0.315,5.11672,0.0,0.0,0.0,4.0,20.0
nyc_queens,1,SAA,3,42.92441,38.60941,91.1182,4.315,51.3891,0.115,0.12,2.14735,0.0,0.0,0.0,4.0,20.0
nyc_queens,1,SAA,4,44.12027,39.77777,93.87554,4.3425,51.33576,0.135,0.14,1.28808,0.0,0.0,0.0,4.0,20.0
nyc_queens,1,SAA,5,44.20308,38.58058,91.05017,5.6225,54.76522,0.225,0.26,4.67606,0.0,0.0,0.0,4.0,20.0
nyc_queens,1,SAA,6,42.49617,37.49117,88.47916,5.005,52.82083,0.225,0.26,4.65816,0.0,0.0,0.0,4.0,20.0
nyc_queens,1,SAA,7,41.64369,38.15119,90.0368,3.4925,48.06139,0.04,0.045,0.55637,0.0,0.0,0.0,4.0,20.0
nyc_queens,1,SAA,8,42.31559,38.29059,90.36579,4.025,51.49306,0.235,0.26,3.46683,0.0,0.0,0.0,4.0,20.0
nyc_queens,1,SAA,9,42.17409,37.12909,87.62465,5.045,51.6409,0.225,0.26,3.30824,0.0,0.0,0.0,4.0,20.0
nyc_queens,1,DFR,0,41.52703,37.45453,88.3927,4.0725,51.02539,0.32,0.345,4.73187,0.0,0.0,0.0,4.0,50.0
nyc_queens,1,DFR,1,42.28041,38.20041,90.15297,4.08,48.79175,0.02,0.025,0.32199,0.0,0.0,0.0,5.0,50.0
nyc_queens,1,DFR,2,41.99009,38.84259,91.66852,3.1475,48.22278,0.015,0.015,0.1389,0.0,0.0,0.0,5.0,50.0
nyc_queens,1,DFR,3,41.61189,37.91189,89.47207,3.7,48.22269,0.015,0.02,0.2769,0.0,0.0,0.0,5.0,50.0
nyc_queens,1,DFR,4,41.8878,38.1603,90.05831,3.7275,48.97949,0.025,0.03,0.54711,0.0,0.0,0.0,5.0,50.0
nyc_queens,1,DFR,5,43.61616,39.44116,93.08113,4.175,49.99105,0.015,0.015,0.23059,0.0,0.0,0.0,5.0,50.0
nyc_queens,1,DFR,6,41.28293,37.62043,88.78422,3.6625,47.57942,0.015,0.02,0.2834,0.0,0.0,0.0,5.0,50.0
nyc_queens,1,DFR,7,41.30895,37.73145,89.04622,3.5775,47.2786,0.01,0.01,0.17244,0.0,0.0,0.0,5.0,50.0
nyc_queens,1,DFR,8,41.47375,37.86125,89.35255,3.6125,48.46977,0.015,0.02,0.2769,0.0,0.0,0.0,5.0,50.0
nyc_queens,1,DFR,9,42.17409,37.12909,87.62465,5.045,51.6409,0.225,0.26,3.30824,0.0,0.0,0.0,4.0,50.0
dublin_real,1,SAA,0,86.60427,75.04427,177.10447,11.56,117.21113,0.655,1.62,23.84652,0.0,0.0,0.0,13.0,20.0
dublin_real,1,SAA,1,87.12577,73.57827,173.64471,13.5475,119.19391,0.64,1.715,23.6343,0.0,0.0,0.0,12.0,20.0
dublin_real,1,SAA,2,87.83846,74.26596,175.26768,13.5725,118.91303,0.74,1.945,26.73788,0.0,0.0,0.0,12.0,20.0
dublin_real,1,SAA,3,87.20716,75.17716,177.4181,12.03,117.2492,0.68,1.79,24.30406,0.0,0.0,0.0,12.0,20.0
dublin_real,1,SAA,4,89.51677,76.97177,181.65337,12.545,119.64636,0.745,2.02,28.60359,0.0,0.0,0.0,12.0,20.0
dublin_real,1,SAA,5,87.86363,75.98113,179.31547,11.8825,120.32761,0.63,1.755,24.71946,0.0,0.0,0.0,12.0,20.0
dublin_real,1,SAA,6,87.41102,75.24102,177.56881,12.17,118.72912,0.665,1.79,24.41951,0.0,0.0,0.0,12.0,20.0
dublin_real,1,SAA,7,87.38245,74.45495,175.71368,12.9275,119.36635,0.655,1.745,23.88245,0.0,0.0,0.0,12.0,20.0
dublin_real,1,SAA,8,88.49259,77.09509,181.94441,11.3975,122.4205,0.655,1.745,27.31152,0.0,0.0,0.0,12.0,20.0
dublin_real,1,SAA,9,87.25934,75.74184,178.75074,11.5175,118.74113,0.665,1.795,22.42099,0.0,0.0,0.0,12.0,20.0
dublin_real,1,DFR,0,86.60427,75.04427,177.10447,11.56,117.21113,0.655,1.62,23.84652,0.0,0.0,0.0,13.0,50.0
dublin_real,1,DFR,1,87.12577,73.57827,173.64471,13.5475,119.19391,0.64,1.715,23.6343,0.0,0.0,0.0,12.0,50.0
dublin_real,1,DFR,2,87.83846,74.26596,175.26768,13.5725,118.91303,0.74,1.945,26.73788,0.0,0.0,0.0,12.0,50.0
dublin_real,1,DFR,3,87.20716,75.17716,177.4181,12.03,117.2492,0.68,1.79,24.30406,0.0,0.0,0.0,12.0,50.0
dublin_real,1,DFR,4,87.76398,78.77398,185.9066,8.99,108.12699,0.255,0.34,4.66983,0.0,0.0,0.0,16.0,50.0
dublin_real,1,DFR,5,87.86363,75.98113,179.31547,11.8825,120.32761,0.63,1.755,24.71946,0.0,0.0,0.0,12.0,50.1
dublin_real,1,DFR,6,87.41102,75.24102,177.56881,12.17,118.72912,0.665,1.79,24.41951,0.0,0.0,0.0,12.0,50.0
dublin_real,1,DFR,7,87.38245,74.45495,175.71368,12.9275,119.36635,0.655,1.745,23.88245,0.0,0.0,0.0,12.0,50.0
dublin_real,1,DFR,8,88.49259,77.09509,181.94441,11.3975,122.4205,0.655,1.745,27.31152,0.0,0.0,0.0,12.0,50.0
dublin_real,1,DFR,9,87.25934,75.74184,178.75074,11.5175,118.74113,0.665,1.795,22.42099,0.0,0.0,0.0,12.0,50.0
peshawar_real,1,SAA,0,103.66924,91.41674,215.74351,12.2525,154.42181,0.175,0.225,1.83921,0.0,0.0,0.06,27.0,20.0
peshawar_real,1,SAA,1,100.03531,87.97281,207.61582,12.0625,150.68167,0.195,0.245,2.19881,0.0,0.0,0.07,27.0,20.0
peshawar_real,1,SAA,2,99.88249,88.85749,209.70367,11.025,135.31452,0.185,0.235,2.06773,0.0,0.0,0.025,27.0,20.0
peshawar_real,1,SAA,3,103.19457,91.87707,216.82989,11.3175,142.51551,0.18,0.255,1.79419,0.0,0.0,0.04,27.0,20.0
peshawar_real,1,SAA,4,105.16119,93.50119,220.66281,11.66,154.33388,0.185,0.255,2.17003,0.0,0.0,0.065,27.0,20.0
peshawar_real,1,SAA,5,105.33173,92.85673,219.14187,12.475,154.20676,0.185,0.245,2.16175,0.0,0.0,0.065,27.0,20.0
peshawar_real,1,SAA,6,99.79363,89.08863,210.24916,10.705,139.60016,0.18,0.24,1.97144,0.0,0.0,0.04,27.0,20.0
peshawar_real,1,SAA,7,100.41544,89.89544,212.15325,10.52,136.00896,0.18,0.23,1.95722,0.0,0.0,0.035,27.0,20.0
peshawar_real,1,SAA,8,100.88616,89.25866,210.65045,11.6275,151.54774,0.185,0.245,2.36859,0.0,0.0,0.065,27.0,20.0
peshawar_real,1,SAA,9,107.18456,93.69956,221.13096,13.485,155.4259,0.155,0.2,2.06206,0.0,0.0,0.07,28.0,20.0
peshawar_real,1,DFR,0,103.66924,91.41674,215.74351,12.2525,154.42181,0.175,0.225,1.83921,0.0,0.0,0.06,27.0,50.1
peshawar_real,1,DFR,1,100.03531,87.97281,207.61582,12.0625,150.68167,0.195,0.245,2.19881,0.0,0.0,0.07,27.0,50.0
peshawar_real,1,DFR,2,99.88249,88.85749,209.70367,11.025,135.31452,0.185,0.235,2.06773,0.0,0.0,0.025,27.0,50.1
peshawar_real,1,DFR,3,103.19457,91.87707,216.82989,11.3175,142.51551,0.18,0.255,1.79419,0.0,0.0,0.04,27.0,50.1
peshawar_real,1,DFR,4,105.16119,93.50119,220.66281,11.66,154.33388,0.185,0.255,2.17003,0.0,0.0,0.065,27.0,50.0
peshawar_real,1,DFR,5,103.11852,92.35602,217.9602,10.7625,144.6548,0.135,0.18,1.66594,0.0,0.0,0.045,27.0,50.1
peshawar_real,1,DFR,6,99.79363,89.08863,210.24916,10.705,139.60016,0.18,0.24,1.97144,0.0,0.0,0.04,27.0,50.1
peshawar_real,1,DFR,7,102.62146,89.76146,211.83704,12.86,149.13263,0.19,0.265,2.44035,0.0,0.0,0.055,27.0,50.1
peshawar_real,1,DFR,8,100.88616,89.25866,210.65045,11.6275,151.54774,0.185,0.245,2.36859,0.0,0.0,0.065,27.0,50.1
peshawar_real,1,DFR,9,107.18456,93.69956,221.13096,13.485,155.4259,0.155,0.2,2.06206,0.0,0.0,0.07,28.0,50.1
solomon_c101,1,SAA,0,416.97953,397.41458,937.89841,19.56495,477.73824,0.245,0.31,17.83138,1.0,114.99907,0.0,20.0,20.0
solomon_c101,1,SAA,1,564.94124,348.73508,823.01478,216.20616,695.97982,0.54,1.0,49.13024,1.0,4011.82328,0.03,12.0,20.0
solomon_c101,1,SAA,2,406.28635,376.84695,889.3588,29.4394,483.56841,0.21,0.285,18.62243,1.0,322.43804,0.0,18.0,20.0
solomon_c101,1,SAA,3,417.10731,391.70209,924.41692,25.40523,488.18286,0.235,0.305,18.36475,1.0,212.10452,0.0,20.0,20.0
solomon_c101,1,SAA,4,381.64161,355.59676,839.20835,26.04485,448.65156,0.25,0.355,19.92825,1.0,243.74702,0.0,20.0,20.0
solomon_c101,1,SAA,5,413.54029,374.31147,883.37506,39.22882,493.5529,0.28,0.365,24.54608,1.0,502.02643,0.0,20.0,20.0
solomon_c101,1,SAA,6,424.17618,384.21141,906.73894,39.96477,514.85064,0.3,0.435,27.83462,1.0,498.74539,0.0,18.0,20.0
solomon_c101,1,SAA,7,405.07486,382.63732,903.02408,22.43753,469.1821,0.185,0.225,13.58761,1.0,185.25069,0.0,19.0,20.0
solomon_c101,1,SAA,8,440.96458,410.37413,968.48294,30.59045,525.91684,0.28,0.345,26.31809,1.0,323.20905,0.0,20.0,20.0
solomon_c101,1,SAA,9,401.40023,364.88221,861.12202,36.51802,488.59575,0.285,0.43,27.51312,1.0,443.86043,0.0,18.0,20.0
solomon_c101,1,DFR,0,478.02374,412.63819,973.82612,65.38555,553.13648,0.3,0.405,23.34174,1.0,1004.81097,0.0,18.0,50.1
solomon_c101,1,DFR,1,445.71346,407.97193,962.81376,37.74153,495.16079,0.07,0.075,4.73095,1.0,502.9806,0.0,19.0,50.1
solomon_c101,1,DFR,2,411.64817,390.68587,922.01866,20.9623,486.00305,0.24,0.35,23.20667,1.0,135.24593,0.0,19.0,50.0
solomon_c101,1,DFR,3,432.53796,390.98248,922.71864,41.55549,501.127,0.26,0.365,22.76245,1.0,534.65973,0.0,19.0,50.0
solomon_c101,1,DFR,4,447.80412,422.16802,996.31652,25.6361,519.94703,0.265,0.37,21.4717,1.0,230.97206,0.0,21.0,50.0
solomon_c101,1,DFR,5,413.54029,374.31147,883.37506,39.22882,493.5529,0.28,0.365,24.54608,1.0,502.02643,0.0,20.0,50.0
solomon_c101,1,DFR,6,425.98878,385.73816,910.34205,40.25062,517.71098,0.295,0.43,27.5404,1.0,498.5625,0.0,18.0,50.1
solomon_c101,1,DFR,7,410.59393,364.52563,860.2805,46.06829,492.50072,0.305,0.46,28.45275,1.0,633.61584,0.0,18.0,50.0
solomon_c101,1,DFR,8,440.96458,410.37413,968.48294,30.59045,525.91684,0.28,0.345,26.31809,1.0,323.20905,0.0,20.0,50.0
solomon_c101,1,DFR,9,435.55503,399.2358,942.19648,36.31924,501.18085,0.22,0.265,17.97219,1.0,441.73471,0.0,21.0,50.0
solomon_rc101,1,SAA,0,639.56994,559.75886,1321.03092,79.81108,729.00589,0.0,0.0,0.0,1.0,1216.97161,0.085,29.0,20.0
solomon_rc101,1,SAA,1,675.795,610.51185,1440.80797,65.28314,772.32785,0.0,0.0,0.0,1.0,944.66288,0.045,32.0,20.0
solomon_rc101,1,SAA,2,643.20645,576.56495,1360.69328,66.6415,719.62621,0.01,0.01,0.87815,1.0,1035.93003,0.025,29.0,20.0
solomon_rc101,1,SAA,3,651.11598,569.92479,1345.0225,81.19119,750.53156,0.015,0.015,1.24102,1.0,1225.1238,0.09,30.0,20.0
solomon_rc101,1,SAA,4,681.13994,573.53864,1353.55118,107.6013,800.00504,0.01,0.01,0.801,1.0,1623.82607,0.19,31.0,20.0
solomon_rc101,1,SAA,5,665.04593,582.83556,1375.49193,82.21037,747.76169,0.035,0.035,3.03347,1.0,1293.05733,0.065,31.0,20.0
solomon_rc101,1,SAA,6,717.82453,649.42871,1532.65175,68.39583,799.67288,0.0,0.0,0.0,1.0,1031.56656,0.05,34.0,20.0
solomon_rc101,1,SAA,7,655.15717,589.71198,1391.72027,65.44519,751.15659,0.01,0.01,0.90321,1.0,944.85389,0.07,31.0,20.0
solomon_rc101,1,SAA,8,682.42599,604.75355,1427.21839,77.67244,760.80651,0.0,0.0,0.0,1.0,1237.4488,0.035,31.0,20.0
solomon_rc101,1,SAA,9,645.97616,567.73258,1339.84888,78.24359,769.19646,0.045,0.045,3.53351,1.0,1130.82173,0.085,29.0,20.0
solomon_rc101,1,DFR,0,639.56994,559.75886,1321.03092,79.81108,729.00589,0.0,0.0,0.0,1.0,1216.97161,0.085,29.0,50.0
solomon_rc101,1,DFR,1,670.84594,605.16706,1428.19426,65.67888,767.24039,0.0,0.0,0.0,1.0,950.42762,0.045,32.0,50.1
solomon_rc101,1,DFR,2,643.20645,576.56495,1360.69328,66.6415,719.62621,0.01,0.01,0.87815,1.0,1035.93003,0.025,29.0,50.1
solomon_rc101,1,DFR,3,651.27738,568.01882,1340.52441,83.25857,745.23952,0.015,0.015,1.24102,1.0,1273.52133,0.08,30.0,50.1
solomon_rc101,1,DFR,4,680.39881,573.26702,1352.91017,107.13179,799.20235,0.01,0.01,0.801,1.0,1619.68584,0.19,30.0,50.0
solomon_rc101,1,DFR,5,626.84116,546.17999,1288.98478,80.66116,732.54424,0.025,0.025,2.12145,1.0,1241.27329,0.045,27.0,50.0
solomon_rc101,1,DFR,6,654.57494,586.02662,1383.02283,68.54831,765.14037,0.01,0.01,0.80057,1.0,997.96621,0.045,31.0,50.0
solomon_rc101,1,DFR,7,655.15717,589.71198,1391.72027,65.44519,751.15659,0.01,0.01,0.90321,1.0,944.85389,0.07,31.0,50.0
solomon_rc101,1,DFR,8,682.42599,604.75355,1427.21839,77.67244,760.80651,0.0,0.0,0.0,1.0,1237.4488,0.035,31.0,50.1
solomon_rc101,1,DFR,9,645.97616,567.73258,1339.84888,78.24359,769.19646,0.045,0.045,3.53351,1.0,1130.82173,0.085,29.0,50.0
