route_number,n_days,mean_kg,std_kg,p10,p50,p90,cv,dow_0,dow_1,dow_2,dow_3,dow_4,dow_5,dow_6
0BM00,34,5071.176470588235,3224.1106499414614,1390.0,4640.0,8710.0,0.6357717323860903,1.2056,0.9085,1.1037,1.0266,0.8914,0.7688,1.0955
DA01,70,144.57142857142858,122.02026101995882,20.0,120.0,242.00000000000003,0.8440136631815333,1.2056,0.9085,1.1037,1.0266,0.8914,0.7688,1.0955
DF1,342,9497.59649122807,3592.8140664223183,5502.0,9350.0,13870.000000000004,0.37828666123483157,1.2056,0.9085,1.1037,1.0266,0.8914,0.7688,1.0955
DF2,336,8359.651785714286,3316.224953327416,5500.0,7400.0,13200.0,0.3966941492700061,1.2056,0.9085,1.1037,1.0266,0.8914,0.7688,1.0955
DF3,343,8163.422740524781,2774.51478172027,5604.0,7160.0,12532.0,0.33987150609597266,1.2056,0.9085,1.1037,1.0266,0.8914,0.7688,1.0955
DF4,356,12600.634831460675,4853.344007196667,6920.0,11795.0,18790.0,0.3851666262940233,1.2056,0.9085,1.1037,1.0266,0.8914,0.7688,1.0955
DF5,192,7548.697916666667,2127.1175153184868,5422.0,7040.0,10588.0,0.281786016449546,1.2056,0.9085,1.1037,1.0266,0.8914,0.7688,1.0955
DH1,344,6407.5,2661.600605698865,3246.0,5810.0,10042.0,0.415388311462952,1.2056,0.9085,1.1037,1.0266,0.8914,0.7688,1.0955
DH2,292,4155.777397260274,1837.3776009736061,2180.0,3910.0,6236.000000000002,0.44212608745235266,1.2056,0.9085,1.1037,1.0266,0.8914,0.7688,1.0955
DH3,335,5545.841791044776,1738.295061375936,3740.0,5340.0,7576.000000000002,0.3134411558914053,1.2056,0.9085,1.1037,1.0266,0.8914,0.7688,1.0955
DH4,299,5300.749163879599,2627.950038207168,2192.0,5120.0,8624.0,0.4957695519936244,1.2056,0.9085,1.1037,1.0266,0.8914,0.7688,1.0955
DH5,181,5095.49723756906,1625.945118741403,3240.0,5000.0,7080.0,0.319094495185538,1.2056,0.9085,1.1037,1.0266,0.8914,0.7688,1.0955
DM1,326,5482.131901840491,2272.859224939928,3310.0,4890.0,8620.0,0.4145940421785312,1.2056,0.9085,1.1037,1.0266,0.8914,0.7688,1.0955
DM2,251,4719.880478087649,2667.0373798762876,2040.0,4160.0,8000.0,0.5650646011605975,1.2056,0.9085,1.1037,1.0266,0.8914,0.7688,1.0955
DM3,301,3771.6279069767443,1604.5980829329003,2000.0,3580.0,5840.0,0.42543912668710515,1.2056,0.9085,1.1037,1.0266,0.8914,0.7688,1.0955
DM4,259,5018.3011583011585,2924.255720923743,2188.0,4300.0,9040.0,0.5827182603591867,1.2056,0.9085,1.1037,1.0266,0.8914,0.7688,1.0955
DM5,154,3745.714285714286,1866.5738272231088,1420.0,3600.0,6172.000000000003,0.49832253205803817,1.2056,0.9085,1.1037,1.0266,0.8914,0.7688,1.0955
DT1,347,8639.250720461096,2830.8173032867435,5872.0,8280.0,11316.000000000002,0.32766930777715136,1.2056,0.9085,1.1037,1.0266,0.8914,0.7688,1.0955
DT2,306,5603.267973856209,2121.1379037307065,3460.0,5320.0,8320.0,0.3785537143016425,1.2056,0.9085,1.1037,1.0266,0.8914,0.7688,1.0955
DT3,332,4993.795180722892,1505.286171939707,3420.0,4800.0,6498.000000000001,0.3014312997358063,1.2056,0.9085,1.1037,1.0266,0.8914,0.7688,1.0955
DT4,303,6229.76897689769,2687.642485875317,3544.0,5680.0,10524.000000000002,0.4314192863077426,1.2056,0.9085,1.1037,1.0266,0.8914,0.7688,1.0955
DT5,172,5300.0,1510.5275791098495,3742.0,5100.0,6922.000000000001,0.285005203605632,1.2056,0.9085,1.1037,1.0266,0.8914,0.7688,1.0955
DW1,316,4062.6772151898736,1935.6988689752907,2010.0,3780.0,6390.0,0.47645893740658,1.2056,0.9085,1.1037,1.0266,0.8914,0.7688,1.0955
DW2,263,4008.091254752852,2201.186446048299,1964.0,3440.0,7080.0,0.5491857111382134,1.2056,0.9085,1.1037,1.0266,0.8914,0.7688,1.0955
DW3,324,3687.932098765432,1395.5587055506855,2180.0,3410.0,5580.0,0.37841225602224654,1.2056,0.9085,1.1037,1.0266,0.8914,0.7688,1.0955
DW4,236,3980.9025423728813,2492.205367684797,1510.0,3340.0,7430.0,0.6260402863817102,1.2056,0.9085,1.1037,1.0266,0.8914,0.7688,1.0955
DW5,159,4018.364779874214,1634.5602413337845,2000.0,4060.0,6208.000000000001,0.4067724885307577,1.2056,0.9085,1.1037,1.0266,0.8914,0.7688,1.0955
IRF1,203,2031.7733990147783,720.7326153666428,1204.0,1920.0,2892.0000000000005,0.3547308059629737,1.2056,0.9085,1.1037,1.0266,0.8914,0.7688,1.0955
IRH1,271,2487.7859778597785,1362.0609677803702,1400.0,2340.0,3500.0,0.5474992543177447,1.2056,0.9085,1.1037,1.0266,0.8914,0.7688,1.0955
IRM1,246,2265.467479674797,1310.422538554018,1260.0,1980.0,3510.0,0.5784336126255613,1.2056,0.9085,1.1037,1.0266,0.8914,0.7688,1.0955
IRT1,263,2933.4296577946766,1347.925135032139,1444.0,2640.0,4820.0,0.4595048432303285,1.2056,0.9085,1.1037,1.0266,0.8914,0.7688,1.0955
IRW1,284,2841.742957746479,1303.013851131285,1620.0,2550.0,4400.0,0.45852628844537846,1.2056,0.9085,1.1037,1.0266,0.8914,0.7688,1.0955
KAB02,107,558.6915887850467,271.58891004726144,232.00000000000003,540.0,948.0000000000001,0.4861159815165101,1.2056,0.9085,1.1037,1.0266,0.8914,0.7688,1.0955
KAB03,142,544.3661971830986,449.05016350706256,200.0,460.0,820.0,0.824904569443763,1.2056,0.9085,1.1037,1.0266,0.8914,0.7688,1.0955
KAB04,113,466.72566371681415,351.1675487312596,144.00000000000003,420.0,716.0,0.7524067691815005,1.2056,0.9085,1.1037,1.0266,0.8914,0.7688,1.0955
KAB05,63,527.936507936508,1016.2838039136933,164.0,400.0,656.0000000000001,1.9250114145087998,1.2056,0.9085,1.1037,1.0266,0.8914,0.7688,1.0955
KAB06,186,569.7849462365591,441.5708531671376,240.0,500.0,900.0,0.7749780967077524,1.2056,0.9085,1.1037,1.0266,0.8914,0.7688,1.0955
KAB07,35,508.77142857142854,259.42675331610354,180.0,540.0,824.0,0.5099082588905276,1.2056,0.9085,1.1037,1.0266,0.8914,0.7688,1.0955
LC01,25,431.2,172.73100474437126,188.0,480.0,640.0,0.4005821074776699,1.2056,0.9085,1.1037,1.0266,0.8914,0.7688,1.0955
OBF00,152,11415.657894736842,8557.79724018063,2972.0,9880.0,21774.0,0.7496543185764334,1.2056,0.9085,1.1037,1.0266,0.8914,0.7688,1.0955
OBF99,103,11726.019417475729,7054.607636260153,4504.0,10960.0,19056.0,0.6016199858706021,1.2056,0.9085,1.1037,1.0266,0.8914,0.7688,1.0955
OBH00,125,12798.16,13485.178146825236,2336.0,7680.0,27828.000000000004,1.053681009365818,1.2056,0.9085,1.1037,1.0266,0.8914,0.7688,1.0955
OBH99,105,12360.380952380952,9292.860361569717,3780.0,10880.0,20148.000000000004,0.7518263714824789,1.2056,0.9085,1.1037,1.0266,0.8914,0.7688,1.0955
OBM00,104,8516.73076923077,10139.163754252562,1350.0,4880.0,18750.000000000004,1.1904995037395472,1.2056,0.9085,1.1037,1.0266,0.8914,0.7688,1.0955
OBM99,53,11042.641509433963,6095.996211557284,5428.0,9960.0,15800.000000000002,0.552041484489861,1.2056,0.9085,1.1037,1.0266,0.8914,0.7688,1.0955
OBS00,77,5215.584415584415,4017.984076068918,1012.0,5040.0,9324.000000000002,0.7703804129913016,1.2056,0.9085,1.1037,1.0266,0.8914,0.7688,1.0955
OBT00,137,11417.372262773722,10405.316180151896,1952.0,7420.0,24476.0,0.9113582303064928,1.2056,0.9085,1.1037,1.0266,0.8914,0.7688,1.0955
OBT99,93,10415.053763440861,6210.935416431092,2980.0,10000.0,16067.999999999998,0.5963421368243769,1.2056,0.9085,1.1037,1.0266,0.8914,0.7688,1.0955
OBW00,114,11480.0,13521.966658030367,1466.0,6470.0,31492.000000000004,1.1778716601071748,1.2056,0.9085,1.1037,1.0266,0.8914,0.7688,1.0955
OBW99,73,14967.945205479453,11038.223860610722,5472.0,11600.0,31371.999999999993,0.7374575273411516,1.2056,0.9085,1.1037,1.0266,0.8914,0.7688,1.0955
OCPBU09,102,442.7450980392157,257.1864403010834,131.0,420.0,740.0,0.5808905427526684,1.2056,0.9085,1.1037,1.0266,0.8914,0.7688,1.0955
OCPBU23,265,550.3396226415094,322.45782807403,200.0,480.0,1030.0,0.5859251538646321,1.2056,0.9085,1.1037,1.0266,0.8914,0.7688,1.0955
OF1,142,11566.338028169013,5374.088803368147,6684.0,10320.0,18078.000000000004,0.4646318299084746,1.2056,0.9085,1.1037,1.0266,0.8914,0.7688,1.0955
OF10,102,13835.686274509804,7523.897045553385,7094.0,11750.0,22038.000000000004,0.5438036752405299,1.2056,0.9085,1.1037,1.0266,0.8914,0.7688,1.0955
OF11,109,13731.009174311926,6404.014068875826,7064.0,12100.0,21952.000000000004,0.46639063360736094,1.2056,0.9085,1.1037,1.0266,0.8914,0.7688,1.0955
OF12,103,13897.669902912621,6277.36881370698,7104.0,12780.0,20292.0,0.4516849844297563,1.2056,0.9085,1.1037,1.0266,0.8914,0.7688,1.0955
OF13,93,9875.268817204302,3554.8379744761837,6060.0,9560.0,14615.999999999998,0.3599737931470874,1.2056,0.9085,1.1037,1.0266,0.8914,0.7688,1.0955
OF14,106,14446.037735849057,5595.163332948554,8920.0,13570.0,20280.0,0.38731473884106543,1.2056,0.9085,1.1037,1.0266,0.8914,0.7688,1.0955
OF15,160,12139.875,4985.387703109403,7398.0,10970.0,18824.0,0.41066219405960963,1.2056,0.9085,1.1037,1.0266,0.8914,0.7688,1.0955
OF16,73,14890.13698630137,7984.384150249278,7436.0,12420.0,24712.0,0.5362196571861463,1.2056,0.9085,1.1037,1.0266,0.8914,0.7688,1.0955
OF17,80,13451.75,5789.7567284544475,7526.0,11980.0,21244.0,0.43040918307688203,1.2056,0.9085,1.1037,1.0266,0.8914,0.7688,1.0955
OF18,77,8804.155844155845,4279.0497440711215,3852.0,7820.0,14288.000000000004,0.48602612445934085,1.2056,0.9085,1.1037,1.0266,0.8914,0.7688,1.0955
OF19,21,9425.714285714286,6199.632708014703,1320.0,10000.0,17380.0,0.6577361163398442,1.2056,0.9085,1.1037,1.0266,0.8914,0.7688,1.0955
OF2,139,14703.021582733812,5353.418473704747,9536.0,13640.0,21864.0,0.3641032860885835,1.2056,0.9085,1.1037,1.0266,0.8914,0.7688,1.0955
OF20,89,15142.247191011236,4955.897715396775,9800.0,13860.0,21500.0,0.32728944739052357,1.2056,0.9085,1.1037,1.0266,0.8914,0.7688,1.0955
OF21,90,13056.666666666666,6048.644197604409,7478.0,11630.0,21674.000000000004,0.4632609801586221,1.2056,0.9085,1.1037,1.0266,0.8914,0.7688,1.0955
OF22,91,13180.21978021978,5722.764285052379,7500.0,12080.0,22020.0,0.43419338831062737,1.2056,0.9085,1.1037,1.0266,0.8914,0.7688,1.0955
OF23,86,11977.906976744185,4828.193698604569,7530.0,11070.0,18170.0,0.40309160089311036,1.2056,0.9085,1.1037,1.0266,0.8914,0.7688,1.0955
OF24,86,10934.418604651162,6259.603934971334,5300.0,9540.0,18470.0,0.5724679254833624,1.2056,0.9085,1.1037,1.0266,0.8914,0.7688,1.0955
OF25,94,16688.72340425532,7758.147189577244,9576.0,14670.0,29306.000000000007,0.46487361565349317,1.2056,0.9085,1.1037,1.0266,0.8914,0.7688,1.0955
OF3,127,13196.692913385827,5415.680211292126,8360.0,12060.0,18756.0,0.4103816196100789,1.2056,0.9085,1.1037,1.0266,0.8914,0.7688,1.0955
OF30,21,17411.428571428572,6572.480723223375,9060.0,16520.0,25720.0,0.3774808423249395,1.2056,0.9085,1.1037,1.0266,0.8914,0.7688,1.0955
OF31,20,26552.0,11644.022455636561,13238.0,27010.0,38160.00000000001,0.438536549248138,1.2056,0.9085,1.1037,1.0266,0.8914,0.7688,1.0955
OF33,21,17597.14285714286,7771.945150898288,9740.0,17580.0,28260.0,0.44165949063393417,1.2056,0.9085,1.1037,1.0266,0.8914,0.7688,1.0955
OF34,22,15594.545454545454,6451.708321037169,8330.0,14240.0,24004.0,0.4137157020602126,1.2056,0.9085,1.1037,1.0266,0.8914,0.7688,1.0955
OF4,145,10291.172413793103,4121.113405286697,6484.0,9300.0,14587.999999999998,0.400451303270678,1.2056,0.9085,1.1037,1.0266,0.8914,0.7688,1.0955
OF5,143,11162.727272727272,4786.317526799653,6376.0,9900.0,16616.0,0.4287767146738023,1.2056,0.9085,1.1037,1.0266,0.8914,0.7688,1.0955
OF6,126,11654.920634920634,5327.069550292241,7090.0,10370.0,17110.0,0.4570661368839528,1.2056,0.9085,1.1037,1.0266,0.8914,0.7688,1.0955
OF7,90,10235.111111111111,3111.3526248329586,6796.0,9710.0,14890.000000000005,0.30398816300639003,1.2056,0.9085,1.1037,1.0266,0.8914,0.7688,1.0955
OF8,76,14460.526315789473,6670.603349970044,8030.0,13200.0,22790.0,0.46129741091694576,1.2056,0.9085,1.1037,1.0266,0.8914,0.7688,1.0955
OH-10,106,11575.471698113208,3932.267764964875,7200.0,11270.0,16250.0,0.3397069136807471,1.2056,0.9085,1.1037,1.0266,0.8914,0.7688,1.0955
OH-11,114,10700.0,3982.9797179534226,6746.0,9840.0,16374.0,0.37224109513583387,1.2056,0.9085,1.1037,1.0266,0.8914,0.7688,1.0955
OH-12,103,16233.184466019418,9834.477816163859,6084.0,14460.0,27384.0,0.6058255443810279,1.2056,0.9085,1.1037,1.0266,0.8914,0.7688,1.0955
OH-13,102,14942.745098039215,7763.415620253596,7294.000000000001,13690.0,24694.000000000004,0.5195441379290014,1.2056,0.9085,1.1037,1.0266,0.8914,0.7688,1.0955
OH-14,91,12915.164835164835,4635.11173607075,8100.0,12020.0,18500.0,0.35888908854267776,1.2056,0.9085,1.1037,1.0266,0.8914,0.7688,1.0955
OH-15,90,11174.533333333333,5755.360505113491,6828.0,9810.0,16286.0,0.5150425823998758,1.2056,0.9085,1.1037,1.0266,0.8914,0.7688,1.0955
OH-16,91,11586.153846153846,5124.588822363273,7140.0,10260.0,17560.0,0.4423028461739646,1.2056,0.9085,1.1037,1.0266,0.8914,0.7688,1.0955
OH-17,65,13094.76923076923,5793.1686892009675,7112.0,11460.0,20084.0,0.44240326706854516,1.2056,0.9085,1.1037,1.0266,0.8914,0.7688,1.0955
OH-18,26,9961.538461538461,8350.189311534294,1980.0,8600.0,19590.0,0.8382429424706241,1.2056,0.9085,1.1037,1.0266,0.8914,0.7688,1.0955
OH-2,134,13426.492537313432,8807.94568296599,6032.0,10330.0,23626.000000000004,0.656012406701744,1.2056,0.9085,1.1037,1.0266,0.8914,0.7688,1.0955
OH-20,88,15282.386363636364,8555.911849308948,8032.0,13140.0,27825.999999999996,0.5598544393346376,1.2056,0.9085,1.1037,1.0266,0.8914,0.7688,1.0955
OH-21,90,15052.888888888889,5787.9000566844015,8956.0,13420.0,22884.000000000004,0.3845042702040185,1.2056,0.9085,1.1037,1.0266,0.8914,0.7688,1.0955
OH-22,91,18406.373626373625,10215.563237475073,10340.0,15420.0,31240.0,0.555001405754237,1.2056,0.9085,1.1037,1.0266,0.8914,0.7688,1.0955
OH-23,87,16932.758620689656,8557.622698799709,8466.0,14500.0,27548.000000000004,0.5053885719686214,1.2056,0.9085,1.1037,1.0266,0.8914,0.7688,1.0955
OH-24,94,16398.08510638298,9586.29849704251,9606.0,13670.0,26108.0,0.5845986549558173,1.2056,0.9085,1.1037,1.0266,0.8914,0.7688,1.0955
OH-25,89,14034.831460674157,8367.858707355887,6412.0,12360.0,21840.0,0.5962208189533855,1.2056,0.9085,1.1037,1.0266,0.8914,0.7688,1.0955
OH-26,31,16313.548387096775,9615.164948623986,8340.0,15120.0,27340.0,0.5893975191950952,1.2056,0.9085,1.1037,1.0266,0.8914,0.7688,1.0955
OH-3,140,13941.714285714286,6487.881558106981,5616.0,13290.0,21650.000000000004,0.465357518103419,1.2056,0.9085,1.1037,1.0266,0.8914,0.7688,1.0955
OH-4,145,12159.586206896553,5427.8393588392055,5872.0,11650.0,19240.0,0.4463835583287117,1.2056,0.9085,1.1037,1.0266,0.8914,0.7688,1.0955
OH-5,151,14904.1059602649,7306.89256994364,8320.0,13740.0,22600.0,0.49026037451855115,1.2056,0.9085,1.1037,1.0266,0.8914,0.7688,1.0955
OH-6,129,12624.341085271319,5867.005710560706,6844.0,11340.0,20040.0,0.4647375788511986,1.2056,0.9085,1.1037,1.0266,0.8914,0.7688,1.0955
OH-7,94,10487.234042553191,4983.64538259634,6346.0,9030.0,16236.0,0.4752106572976831,1.2056,0.9085,1.1037,1.0266,0.8914,0.7688,1.0955
OH-8,97,12565.567010309278,3872.781883723939,8312.0,11660.0,18344.0,0.30820589954647953,1.2056,0.9085,1.1037,1.0266,0.8914,0.7688,1.0955
OH1,132,11808.787878787878,6397.132113916784,6074.0,10630.0,18350.0,0.5417263972882391,1.2056,0.9085,1.1037,1.0266,0.8914,0.7688,1.0955
OM-1,69,12671.884057971014,10024.46379310639,6012.0,10020.0,18248.0,0.7910791913220423,1.2056,0.9085,1.1037,1.0266,0.8914,0.7688,1.0955
OM1,56,14715.17857142857,6089.431079881221,8810.0,13490.0,22920.0,0.41381972025162117,1.2056,0.9085,1.1037,1.0266,0.8914,0.7688,1.0955
OM10,88,14046.136363636364,6629.534307220719,8278.0,12280.0,21445.999999999996,0.4719827670464405,1.2056,0.9085,1.1037,1.0266,0.8914,0.7688,1.0955
OM11,102,13136.078431372549,6116.417795348267,6334.0,11860.0,20258.000000000004,0.4656197682818784,1.2056,0.9085,1.1037,1.0266,0.8914,0.7688,1.0955
OM12,96,12731.25,4733.908866665552,8020.0,11810.0,18360.0,0.37183378432326375,1.2056,0.9085,1.1037,1.0266,0.8914,0.7688,1.0955
OM13,96,11925.833333333334,5118.411691688548,6910.0,11070.0,17250.0,0.4291869212512233,1.2056,0.9085,1.1037,1.0266,0.8914,0.7688,1.0955
OM14,89,15826.292134831461,6793.8759826944815,9040.0,15000.0,23796.000000000004,0.429277807133492,1.2056,0.9085,1.1037,1.0266,0.8914,0.7688,1.0955
OM15,84,13613.095238095239,5419.523381033374,8556.0,12050.0,19628.0,0.3981110310509868,1.2056,0.9085,1.1037,1.0266,0.8914,0.7688,1.0955
OM16,91,14537.582417582418,6499.458326260623,8860.0,13180.0,21060.0,0.4470797234070969,1.2056,0.9085,1.1037,1.0266,0.8914,0.7688,1.0955
OM17,44,14509.545454545454,7487.985401293119,6542.0,13110.0,22360.000000000004,0.51607305168525,1.2056,0.9085,1.1037,1.0266,0.8914,0.7688,1.0955
OM2,138,15076.08695652174,7971.724065490786,6748.0,13140.0,25100.0,0.5287661240267861,1.2056,0.9085,1.1037,1.0266,0.8914,0.7688,1.0955
OM20,85,14021.411764705883,5028.79213769526,8704.0,13180.0,20744.000000000004,0.358650913480305,1.2056,0.9085,1.1037,1.0266,0.8914,0.7688,1.0955
OM21,88,12335.0,5296.198810380939,7074.0,11410.0,18729.999999999993,0.4293635030710125,1.2056,0.9085,1.1037,1.0266,0.8914,0.7688,1.0955
OM22,82,11906.585365853658,9305.518901355628,6450.0,9280.0,17566.000000000004,0.7815438780662081,1.2056,0.9085,1.1037,1.0266,0.8914,0.7688,1.0955
OM23,84,12833.333333333334,6851.282411543908,7024.0,11340.0,18530.0,0.5338661619384863,1.2056,0.9085,1.1037,1.0266,0.8914,0.7688,1.0955
OM24,86,14449.767441860466,6783.539068821056,8920.0,12550.0,20150.0,0.46945662593637205,1.2056,0.9085,1.1037,1.0266,0.8914,0.7688,1.0955
OM25,86,12495.348837209302,5355.607220512945,7160.0,11490.0,18250.0,0.42860805970976484,1.2056,0.9085,1.1037,1.0266,0.8914,0.7688,1.0955
OM3,132,14455.151515151516,8006.90164936909,5326.0,14280.0,22134.0,0.5539133672155884,1.2056,0.9085,1.1037,1.0266,0.8914,0.7688,1.0955
OM30,21,21465.714285714286,9645.030104374258,10720.0,18720.0,33380.0,0.44932257906708245,1.2056,0.9085,1.1037,1.0266,0.8914,0.7688,1.0955
OM31,22,23357.272727272728,12938.866212866522,12746.0,19280.0,38240.0,0.5539544947710728,1.2056,0.9085,1.1037,1.0266,0.8914,0.7688,1.0955
OM32,22,23299.090909090908,10892.512897832035,11256.0,20490.0,37314.00000000001,0.4675080645992914,1.2056,0.9085,1.1037,1.0266,0.8914,0.7688,1.0955
OM33,24,21310.0,8392.325686886956,13946.0,18400.0,31698.0,0.3938210083006549,1.2056,0.9085,1.1037,1.0266,0.8914,0.7688,1.0955
OM34,24,30685.833333333332,22319.902196424853,11610.0,24000.0,64961.99999999998,0.7273682925266769,1.2056,0.9085,1.1037,1.0266,0.8914,0.7688,1.0955
OM35,24,25711.666666666668,13296.294242371072,16588.0,20400.0,39333.99999999999,0.5171307801531498,1.2056,0.9085,1.1037,1.0266,0.8914,0.7688,1.0955
OM37,21,20760.95238095238,13832.615770259039,9400.0,17860.0,31720.0,0.6662804054668559,1.2056,0.9085,1.1037,1.0266,0.8914,0.7688,1.0955
OM4,140,15383.285714285714,10216.307703042607,6468.0,12535.0,29174.0,0.6641173994158618,1.2056,0.9085,1.1037,1.0266,0.8914,0.7688,1.0955
OM5,146,14426.027397260274,9433.92685119653,6490.0,12090.0,22390.0,0.6539518185712151,1.2056,0.9085,1.1037,1.0266,0.8914,0.7688,1.0955
OM6,118,12095.762711864407,5635.369288710029,6846.0,10680.0,17612.0,0.4658961508216797,1.2056,0.9085,1.1037,1.0266,0.8914,0.7688,1.0955
OM7,84,15679.047619047618,5640.665520643588,9300.0,15050.0,22744.000000000004,0.3597581726705806,1.2056,0.9085,1.1037,1.0266,0.8914,0.7688,1.0955
OM8,83,15854.939759036144,5552.903739067621,10000.0,14800.0,20708.0,0.35023177782197984,1.2056,0.9085,1.1037,1.0266,0.8914,0.7688,1.0955
OT1,145,13304.965517241379,5782.719722988137,6840.0,11880.0,20544.0,0.43462868922843423,1.2056,0.9085,1.1037,1.0266,0.8914,0.7688,1.0955
OT10,99,12949.89898989899,4859.131839597564,7708.0,12080.0,19108.0,0.3752254626377951,1.2056,0.9085,1.1037,1.0266,0.8914,0.7688,1.0955
OT11,108,16671.666666666668,9329.88650750858,7900.0,15330.0,26624.0,0.5596253028596568,1.2056,0.9085,1.1037,1.0266,0.8914,0.7688,1.0955
OT12,100,12115.4,5514.051732170321,6978.0,10740.0,20604.000000000004,0.4551275015410404,1.2056,0.9085,1.1037,1.0266,0.8914,0.7688,1.0955
OT13,95,11674.736842105263,6270.864211727607,6604.0,10480.0,16948.000000000004,0.5371310973889845,1.2056,0.9085,1.1037,1.0266,0.8914,0.7688,1.0955
OT14,92,13880.0,5113.369676695539,8534.0,13070.0,20672.000000000007,0.3683983916927622,1.2056,0.9085,1.1037,1.0266,0.8914,0.7688,1.0955
OT15,89,10923.033707865168,4483.151895631623,6624.0,9860.0,16840.0,0.4104310226932207,1.2056,0.9085,1.1037,1.0266,0.8914,0.7688,1.0955
OT16,93,11775.053763440861,6815.606551153135,6020.0,9820.0,19776.0,0.5788174464488819,1.2056,0.9085,1.1037,1.0266,0.8914,0.7688,1.0955
OT17,42,14050.0,6552.031522602036,7256.0,13540.0,20306.0,0.4663367631745221,1.2056,0.9085,1.1037,1.0266,0.8914,0.7688,1.0955
OT18,24,8000.833333333333,6856.457392197118,3208.0,5750.0,12306.0,0.8569679065343757,1.2056,0.9085,1.1037,1.0266,0.8914,0.7688,1.0955
OT2,140,13244.0,5368.507797444558,7908.0,11840.0,20768.000000000004,0.40535395631565674,1.2056,0.9085,1.1037,1.0266,0.8914,0.7688,1.0955
OT20,81,16671.85185185185,7158.802817355551,10000.0,14520.0,26640.0,0.4293945796165635,1.2056,0.9085,1.1037,1.0266,0.8914,0.7688,1.0955
OT21,91,15071.208791208792,6427.529823633621,9600.0,12900.0,22420.0,0.42647739227014575,1.2056,0.9085,1.1037,1.0266,0.8914,0.7688,1.0955
OT22,88,15256.59090909091,6979.400377097194,8482.0,13760.0,24929.999999999993,0.45746788510521014,1.2056,0.9085,1.1037,1.0266,0.8914,0.7688,1.0955
OT23,88,15887.727272727272,8332.637634492057,9322.0,14110.0,23299.999999999996,0.524470082564659,1.2056,0.9085,1.1037,1.0266,0.8914,0.7688,1.0955
OT24,90,15391.333333333334,6457.8899047964505,9418.0,15120.0,21462.00000000002,0.4195796273744824,1.2056,0.9085,1.1037,1.0266,0.8914,0.7688,1.0955
OT25,90,12160.0,6270.464384358277,6640.0,11160.0,19350.000000000007,0.5156631895031478,1.2056,0.9085,1.1037,1.0266,0.8914,0.7688,1.0955
OT26,34,10435.29411764706,4239.714280892135,5426.0,9640.0,15601.999999999998,0.40628603593667584,1.2056,0.9085,1.1037,1.0266,0.8914,0.7688,1.0955
OT3,136,14553.161764705883,6630.076554186919,7220.0,13690.0,22080.0,0.455576366248198,1.2056,0.9085,1.1037,1.0266,0.8914,0.7688,1.0955
OT31,21,11560.952380952382,4958.174971460673,5820.0,10920.0,18100.0,0.4288725364555323,1.2056,0.9085,1.1037,1.0266,0.8914,0.7688,1.0955
OT4,135,13178.222222222223,5532.9843862878815,7420.0,12500.0,21000.000000000004,0.4198581791220442,1.2056,0.9085,1.1037,1.0266,0.8914,0.7688,1.0955
OT5,148,13642.567567567568,8083.669026337999,7350.0,12300.0,19360.0,0.5925328195225713,1.2056,0.9085,1.1037,1.0266,0.8914,0.7688,1.0955
OT6,122,13540.491803278688,6567.667592636696,6030.0,12760.0,20848.0,0.4850390730303019,1.2056,0.9085,1.1037,1.0266,0.8914,0.7688,1.0955
OT7,93,19300.43010752688,11261.930091161732,9596.0,15860.0,33995.99999999999,0.5835066901835387,1.2056,0.9085,1.1037,1.0266,0.8914,0.7688,1.0955
OT8,90,17798.444444444445,11264.376074136357,8806.0,14590.0,31278.00000000001,0.6328854248637659,1.2056,0.9085,1.1037,1.0266,0.8914,0.7688,1.0955
OW1,144,15385.972222222223,7351.096804082995,8518.0,13700.0,25602.000000000004,0.4777791547982701,1.2056,0.9085,1.1037,1.0266,0.8914,0.7688,1.0955
OW10,101,15915.544554455446,7419.883621088344,9120.0,13780.0,27160.0,0.4662035656839149,1.2056,0.9085,1.1037,1.0266,0.8914,0.7688,1.0955
OW11,105,13029.333333333334,6936.552605673949,7844.0,11160.0,19508.0,0.5323797026458721,1.2056,0.9085,1.1037,1.0266,0.8914,0.7688,1.0955
OW12,100,16132.6,8328.283878665301,9510.0,13440.0,24026.000000000007,0.5162394083201283,1.2056,0.9085,1.1037,1.0266,0.8914,0.7688,1.0955
OW13,99,13317.575757575758,7152.211744529801,6896.0,11000.0,22348.0,0.5370505769761614,1.2056,0.9085,1.1037,1.0266,0.8914,0.7688,1.0955
OW14,87,15939.540229885057,6212.944459426697,9916.0,14060.0,22148.0,0.38978191151197966,1.2056,0.9085,1.1037,1.0266,0.8914,0.7688,1.0955
OW15,90,13400.444444444445,7864.092183314322,7176.0,11510.0,20240.0,0.5868530865462911,1.2056,0.9085,1.1037,1.0266,0.8914,0.7688,1.0955
OW16,79,11753.164556962025,6721.352035901895,5828.0,9820.0,18384.000000000004,0.5718759405883141,1.2056,0.9085,1.1037,1.0266,0.8914,0.7688,1.0955
OW17,59,12077.28813559322,8223.856346547518,2092.000000000001,11180.0,20368.0,0.6809356748151785,1.2056,0.9085,1.1037,1.0266,0.8914,0.7688,1.0955
OW2,141,12962.056737588653,7277.317747409262,6640.0,11040.0,21080.0,0.5614323324404048,1.2056,0.9085,1.1037,1.0266,0.8914,0.7688,1.0955
OW20,90,17205.11111111111,7569.134580790748,10554.0,15620.0,26448.000000000004,0.43993523389119993,1.2056,0.9085,1.1037,1.0266,0.8914,0.7688,1.0955
OW21,92,18076.956521739132,10417.49666615246,10282.0,15570.0,28040.000000000007,0.5762859834079095,1.2056,0.9085,1.1037,1.0266,0.8914,0.7688,1.0955
OW22,94,17668.936170212764,11630.930072009201,8684.0,13690.0,30980.0,0.6582699693950587,1.2056,0.9085,1.1037,1.0266,0.8914,0.7688,1.0955
OW23,90,15696.0,9850.340415038196,9120.0,13760.0,22822.000000000015,0.6275701079917301,1.2056,0.9085,1.1037,1.0266,0.8914,0.7688,1.0955
OW24,93,17488.924731182797,9358.324759778878,9684.0,14140.0,28711.999999999996,0.5351000649624251,1.2056,0.9085,1.1037,1.0266,0.8914,0.7688,1.0955
OW25,89,14886.516853932584,9273.750724628824,6800.0,11800.0,27004.0,0.6229631024922374,1.2056,0.9085,1.1037,1.0266,0.8914,0.7688,1.0955
OW26,21,18436.190476190477,5897.883074621331,11360.0,17660.0,28600.0,0.3199079051736955,1.2056,0.9085,1.1037,1.0266,0.8914,0.7688,1.0955
OW3,145,11868.0,5955.805011359366,6220.0,10880.0,19372.0,0.5018372945196635,1.2056,0.9085,1.1037,1.0266,0.8914,0.7688,1.0955
OW30,23,15522.608695652174,6406.926094179999,8524.0,14920.0,25464.000000000004,0.41274802578606234,1.2056,0.9085,1.1037,1.0266,0.8914,0.7688,1.0955
OW31,22,16128.181818181818,5517.013198464784,11418.0,16140.0,20386.000000000004,0.3420728548735281,1.2056,0.9085,1.1037,1.0266,0.8914,0.7688,1.0955
OW32,20,20398.0,13828.594174467093,9262.0,17280.0,42936.0,0.6779387280354492,1.2056,0.9085,1.1037,1.0266,0.8914,0.7688,1.0955
OW33,24,20040.0,13293.396857086604,9262.0,16210.0,34332.0,0.6633431565412476,1.2056,0.9085,1.1037,1.0266,0.8914,0.7688,1.0955
OW34,20,23339.0,13733.52789421031,13396.0,18700.0,48380.00000000001,0.5884368607999619,1.2056,0.9085,1.1037,1.0266,0.8914,0.7688,1.0955
OW36,22,13576.363636363636,8255.453923347855,8224.0,10800.0,20292.00000000001,0.6080754865195287,1.2056,0.9085,1.1037,1.0266,0.8914,0.7688,1.0955
OW4,146,10636.712328767124,7606.449632596423,4520.0,8560.0,17640.0,0.7151128466664162,1.2056,0.9085,1.1037,1.0266,0.8914,0.7688,1.0955
OW5,148,11664.594594594595,6718.146041065662,5556.0,9810.0,19698.0,0.5759433803364987,1.2056,0.9085,1.1037,1.0266,0.8914,0.7688,1.0955
OW6,131,11685.801526717558,5977.204125701694,6120.0,9780.0,19420.0,0.511492866966451,1.2056,0.9085,1.1037,1.0266,0.8914,0.7688,1.0955
OW7,96,11622.083333333334,5822.740522553145,6620.0,9940.0,17700.0,0.5010066057479492,1.2056,0.9085,1.1037,1.0266,0.8914,0.7688,1.0955
OW8,63,12048.57142857143,6257.2319081262885,6252.0,10200.0,20672.000000000004,0.5193339264510791,1.2056,0.9085,1.1037,1.0266,0.8914,0.7688,1.0955
PAF01,356,21689.94382022472,3408.602042503478,18120.0,21550.0,25280.0,0.15715126192835677,1.2056,0.9085,1.1037,1.0266,0.8914,0.7688,1.0955
PAF02,354,23033.050847457627,3881.0127270823896,18940.0,23200.0,26894.0,0.16849755391873208,1.2056,0.9085,1.1037,1.0266,0.8914,0.7688,1.0955
PAF03,355,22481.12676056338,4245.9566506697365,18004.0,22360.0,27156.000000000004,0.1888676086341916,1.2056,0.9085,1.1037,1.0266,0.8914,0.7688,1.0955
PAF04,353,21836.770538243625,3760.0280759399698,18112.0,21500.0,25516.0,0.1721879189669956,1.2056,0.9085,1.1037,1.0266,0.8914,0.7688,1.0955
PAF09,352,8690.326704545454,1163.143627454604,7462.0,8680.0,9956.000000000002,0.13384348678700705,1.2056,0.9085,1.1037,1.0266,0.8914,0.7688,1.0955
PAF10,333,19165.045045045044,6103.449430673128,13460.0,18460.0,24360.000000000004,0.31846778425658445,1.2056,0.9085,1.1037,1.0266,0.8914,0.7688,1.0955
PAF50,352,21984.772727272728,4885.821798741194,16642.0,21740.0,27294.000000000007,0.22223662984153547,1.2056,0.9085,1.1037,1.0266,0.8914,0.7688,1.0955
PAF51,349,21688.194842406876,4405.658640190062,16684.0,21800.0,26300.0,0.20313625325680348,1.2056,0.9085,1.1037,1.0266,0.8914,0.7688,1.0955
PAF52,354,23783.5593220339,8492.790596217586,15240.0,21030.0,37354.0,0.35708661101660993,1.2056,0.9085,1.1037,1.0266,0.8914,0.7688,1.0955
PAF53,351,18727.521367521367,4536.098809578164,13460.0,18380.0,24380.0,0.2422156525980527,1.2056,0.9085,1.1037,1.0266,0.8914,0.7688,1.0955
PAF54,356,20475.449438202246,4733.220988311962,15910.0,20290.0,24730.0,0.231165670018501,1.2056,0.9085,1.1037,1.0266,0.8914,0.7688,1.0955
PAF56,185,19813.945945945947,10286.991685222893,11328.0,16740.0,32944.0,0.5191793554543169,1.2056,0.9085,1.1037,1.0266,0.8914,0.7688,1.0955
PAF59,261,7856.858237547893,1437.058191309847,6680.0,7640.0,9560.0,0.18290494086327685,1.2056,0.9085,1.1037,1.0266,0.8914,0.7688,1.0955
PAF60,354,23107.197740112995,3478.0711189772182,19632.0,23180.0,26648.0,0.15051894903463142,1.2056,0.9085,1.1037,1.0266,0.8914,0.7688,1.0955
PAF61,349,22456.24641833811,4015.851058083792,17948.0,22920.0,26224.0,0.1788300227594754,1.2056,0.9085,1.1037,1.0266,0.8914,0.7688,1.0955
PAF62,351,21169.40170940171,3359.7954760707735,17160.0,21200.0,25300.0,0.15870998728219268,1.2056,0.9085,1.1037,1.0266,0.8914,0.7688,1.0955
PAF63,356,20639.887640449437,3695.8245170163596,17120.0,20390.0,25220.0,0.17906224013416588,1.2056,0.9085,1.1037,1.0266,0.8914,0.7688,1.0955
PAF67,295,20022.033898305086,5746.62858264515,14368.0,19380.0,26376.000000000007,0.2870152259172639,1.2056,0.9085,1.1037,1.0266,0.8914,0.7688,1.0955
PAF69,353,8789.15014164306,2476.7469414642533,7084.0,8560.0,10356.0,0.28179595314106737,1.2056,0.9085,1.1037,1.0266,0.8914,0.7688,1.0955
PAF70,349,17035.41547277937,3929.624248933463,13208.0,16620.0,21596.0,0.23067381333977735,1.2056,0.9085,1.1037,1.0266,0.8914,0.7688,1.0955
PAF71,352,21526.761363636364,4036.3664190477493,17704.0,21110.0,25210.000000000004,0.1875045832888777,1.2056,0.9085,1.1037,1.0266,0.8914,0.7688,1.0955
PAF72,349,20779.312320916906,3287.075629249383,17188.0,20840.0,24048.0,0.1581898177612231,1.2056,0.9085,1.1037,1.0266,0.8914,0.7688,1.0955
PAF73,355,23044.225352112677,3647.7537635775875,18836.0,23320.0,26688.0,0.15829361620277527,1.2056,0.9085,1.1037,1.0266,0.8914,0.7688,1.0955
PAF78,280,16240.57142857143,5571.831583885206,10788.0,15230.0,22280.0,0.34308100600960945,1.2056,0.9085,1.1037,1.0266,0.8914,0.7688,1.0955
PAF79,357,8610.896358543418,1291.281169789523,7352.0,8480.0,10040.0,0.14995897244871154,1.2056,0.9085,1.1037,1.0266,0.8914,0.7688,1.0955
PAF80,348,18019.367816091955,3512.0999001597106,13454.0,18240.0,22162.0,0.19490694324044358,1.2056,0.9085,1.1037,1.0266,0.8914,0.7688,1.0955
PAF81,350,18987.485714285714,3667.6924451606033,14474.0,18850.0,23170.000000000004,0.19316367108053292,1.2056,0.9085,1.1037,1.0266,0.8914,0.7688,1.0955
PAF82,349,19304.011461318052,3530.7916405621645,15600.0,19240.0,23908.0,0.18290455575191036,1.2056,0.9085,1.1037,1.0266,0.8914,0.7688,1.0955
PAF83,352,18271.74431818182,3686.7457855332405,13728.0,18390.0,22712.000000000004,0.20177306125418135,1.2056,0.9085,1.1037,1.0266,0.8914,0.7688,1.0955
PAF87,355,10849.070422535211,5809.422502401663,8988.0,10540.0,12072.0,0.5354765225170431,1.2056,0.9085,1.1037,1.0266,0.8914,0.7688,1.0955
PAF88,257,16890.19455252918,4277.602684638497,11520.0,16900.0,22048.0,0.2532595270785651,1.2056,0.9085,1.1037,1.0266,0.8914,0.7688,1.0955
PAH01,355,25045.74647887324,4844.984673785646,19716.0,24540.0,29836.000000000007,0.19344540909860766,1.2056,0.9085,1.1037,1.0266,0.8914,0.7688,1.0955
PAH02,349,24926.70487106017,3831.5300770859303,20712.0,25240.0,28404.0,0.15371185629651055,1.2056,0.9085,1.1037,1.0266,0.8914,0.7688,1.0955
PAH03,353,24954.050991501415,4482.141808396329,20684.0,24840.0,28916.0,0.17961579905093603,1.2056,0.9085,1.1037,1.0266,0.8914,0.7688,1.0955
PAH04,352,22214.94318181818,3816.030738221733,18262.0,21970.0,25896.0,0.1717776501604993,1.2056,0.9085,1.1037,1.0266,0.8914,0.7688,1.0955
PAH05,354,23163.27683615819,3700.533381227752,19632.0,23100.0,26454.0,0.15975863032691337,1.2056,0.9085,1.1037,1.0266,0.8914,0.7688,1.0955
PAH06,347,20117.809798270893,4805.068114211896,14944.0,20000.0,24848.0,0.23884648291211535,1.2056,0.9085,1.1037,1.0266,0.8914,0.7688,1.0955
PAH09,353,4635.070821529745,1710.2071771338299,3124.0,4020.0,7068.000000000001,0.3689710994684215,1.2056,0.9085,1.1037,1.0266,0.8914,0.7688,1.0955
PAH10,122,16794.590163934427,5707.626932670624,8504.0,17600.0,23018.0,0.33984913456998067,1.2056,0.9085,1.1037,1.0266,0.8914,0.7688,1.0955
PAH50,349,25310.716332378222,4619.113066366334,20724.0,24940.0,30156.0,0.1824963389304564,1.2056,0.9085,1.1037,1.0266,0.8914,0.7688,1.0955
PAH51,354,26732.598870056496,5027.550896239276,22164.0,26300.0,30320.0,0.18806816803250268,1.2056,0.9085,1.1037,1.0266,0.8914,0.7688,1.0955
PAH52,348,23983.189655172413,4396.160415203694,19334.0,24400.0,28246.0,0.18330174086146137,1.2056,0.9085,1.1037,1.0266,0.8914,0.7688,1.0955
PAH53,356,28468.314606741573,7765.975082527236,19730.0,27670.0,39900.0,0.27279363705950394,1.2056,0.9085,1.1037,1.0266,0.8914,0.7688,1.0955
PAH54,357,35608.470588235294,10712.738474387446,24752.0,33540.0,52508.0,0.3008480369254285,1.2056,0.9085,1.1037,1.0266,0.8914,0.7688,1.0955
PAH56,84,23071.428571428572,7751.83913550767,10066.0,24670.0,30120.0,0.3359930275452241,1.2056,0.9085,1.1037,1.0266,0.8914,0.7688,1.0955
PAH59,256,6301.875,1758.2574930210612,4630.0,6000.0,8120.0,0.2790054536183376,1.2056,0.9085,1.1037,1.0266,0.8914,0.7688,1.0955
PAH60,349,25607.56446991404,4654.7778043070575,21632.0,25800.0,29184.0,0.181773546241615,1.2056,0.9085,1.1037,1.0266,0.8914,0.7688,1.0955
PAH61,335,23885.014925373136,3650.4621866858542,19628.0,24280.0,27752.0,0.1528348296239897,1.2056,0.9085,1.1037,1.0266,0.8914,0.7688,1.0955
PAH62,345,22450.492753623188,4287.30197055451,17736.0,22500.0,27312.0,0.1909669430245624,1.2056,0.9085,1.1037,1.0266,0.8914,0.7688,1.0955
PAH63,355,23924.0,4575.09084840798,19936.0,24120.0,27756.0,0.1912343608262824,1.2056,0.9085,1.1037,1.0266,0.8914,0.7688,1.0955
PAH64,351,24572.36467236467,3902.182077219995,19720.0,24960.0,28120.0,0.15880368573597586,1.2056,0.9085,1.1037,1.0266,0.8914,0.7688,1.0955
PAH65,352,24078.125,4205.7672933296035,19722.0,24340.0,28232.000000000004,0.17467171107923077,1.2056,0.9085,1.1037,1.0266,0.8914,0.7688,1.0955
PAH67,43,14098.139534883721,5357.045763608873,8608.0,14180.0,20148.000000000007,0.37998246154066434,1.2056,0.9085,1.1037,1.0266,0.8914,0.7688,1.0955
PAH69,346,9734.624277456647,2136.7340656055085,7850.0,9560.0,11280.0,0.21949836015281426,1.2056,0.9085,1.1037,1.0266,0.8914,0.7688,1.0955
PAH70,350,22645.428571428572,4489.692392738759,17876.0,22440.0,26982.0,0.1982604294097283,1.2056,0.9085,1.1037,1.0266,0.8914,0.7688,1.0955
PAH71,348,25155.862068965518,4697.975663558407,20394.0,25040.0,30146.0,0.18675470753809875,1.2056,0.9085,1.1037,1.0266,0.8914,0.7688,1.0955
PAH72,324,23005.132716049382,4247.921448847978,18684.0,23260.0,27094.0,0.1846510298931874,1.2056,0.9085,1.1037,1.0266,0.8914,0.7688,1.0955
PAH73,355,31463.211267605635,6924.446650097189,24344.0,31280.0,40220.0,0.22008073464600753,1.2056,0.9085,1.1037,1.0266,0.8914,0.7688,1.0955
PAH74,349,22400.163323782235,4816.536851358041,17352.0,22380.0,27755.399999999998,0.2150223987985091,1.2056,0.9085,1.1037,1.0266,0.8914,0.7688,1.0955
PAH75,350,21383.257142857143,6597.156608760147,15956.0,20490.0,27382.0,0.3085197247868227,1.2056,0.9085,1.1037,1.0266,0.8914,0.7688,1.0955
PAH78,77,18053.506493506495,7435.366016940817,6724.0,19360.0,25432.000000000004,0.41185162669729436,1.2056,0.9085,1.1037,1.0266,0.8914,0.7688,1.0955
PAH79,350,7193.371428571429,1466.3200940082988,5578.0,7020.0,9202.0,0.20384323381164587,1.2056,0.9085,1.1037,1.0266,0.8914,0.7688,1.0955
PAH80,347,21297.521613832854,3971.5944689729567,16804.0,21260.0,25748.0,0.18648153249875726,1.2056,0.9085,1.1037,1.0266,0.8914,0.7688,1.0955
PAH81,347,19808.29971181556,4421.634442930288,14380.0,19940.0,25156.0,0.22322130153820335,1.2056,0.9085,1.1037,1.0266,0.8914,0.7688,1.0955
PAH82,352,22805.917613636364,4084.560800198119,17930.0,23050.0,26940.0,0.17910091886659424,1.2056,0.9085,1.1037,1.0266,0.8914,0.7688,1.0955
PAH83,350,27595.6,4750.60618179995,22700.0,27440.0,32494.000000000004,0.17215085672353383,1.2056,0.9085,1.1037,1.0266,0.8914,0.7688,1.0955
PAH84,351,23563.903133903135,4754.281304468502,18220.0,23880.0,27700.0,0.2017611970925209,1.2056,0.9085,1.1037,1.0266,0.8914,0.7688,1.0955
PAH87,344,7447.03488372093,3508.7921952337833,5592.0,7290.0,8816.0,0.4711663433864038,1.2056,0.9085,1.1037,1.0266,0.8914,0.7688,1.0955
PAH88,115,19950.260869565216,6149.732480398878,12196.0,21120.0,26132.000000000004,0.30825323641659735,1.2056,0.9085,1.1037,1.0266,0.8914,0.7688,1.0955
PAM01,354,37632.31638418079,6776.23340028108,28892.0,37770.0,46116.0,0.1800642121283173,1.2056,0.9085,1.1037,1.0266,0.8914,0.7688,1.0955
PAM02,349,33870.60171919771,7114.115718273463,25248.0,33880.0,42820.0,0.2100380671489876,1.2056,0.9085,1.1037,1.0266,0.8914,0.7688,1.0955
PAM03,356,39238.20224719101,7667.774829993887,29480.0,38820.0,49710.0,0.19541605860759864,1.2056,0.9085,1.1037,1.0266,0.8914,0.7688,1.0955
PAM04,351,31707.749287749288,6918.359285664139,23980.0,31740.0,40380.0,0.21819143398920274,1.2056,0.9085,1.1037,1.0266,0.8914,0.7688,1.0955
PAM05,347,30122.593659942362,6828.397112523412,22628.0,29720.0,39100.0,0.2266868912288902,1.2056,0.9085,1.1037,1.0266,0.8914,0.7688,1.0955
PAM06,353,35827.96033994334,8309.540267928889,26144.0,35200.0,46236.0,0.23192892336282045,1.2056,0.9085,1.1037,1.0266,0.8914,0.7688,1.0955
PAM09,337,4344.035608308605,2243.0119734441882,2364.0,3720.0,7260.0,0.5163429068477475,1.2056,0.9085,1.1037,1.0266,0.8914,0.7688,1.0955
PAM10,72,20607.222222222223,7941.8160945402915,9582.0,21750.0,27312.0,0.38538993799834265,1.2056,0.9085,1.1037,1.0266,0.8914,0.7688,1.0955
PAM50,363,35676.969696969696,9429.202942983211,25828.0,33440.0,49108.0,0.26429382941074453,1.2056,0.9085,1.1037,1.0266,0.8914,0.7688,1.0955
PAM51,357,32179.41176470588,6913.461786000586,24604.0,31880.0,40264.00000000001,0.2148411486372543,1.2056,0.9085,1.1037,1.0266,0.8914,0.7688,1.0955
PAM52,320,27058.75,5451.797178590654,20992.0,27030.0,32784.0,0.20148000844793842,1.2056,0.9085,1.1037,1.0266,0.8914,0.7688,1.0955
PAM53,351,27080.5698005698,6194.0734545300575,20400.0,26320.0,34920.0,0.22872758956496286,1.2056,0.9085,1.1037,1.0266,0.8914,0.7688,1.0955
PAM54,342,31267.19298245614,6192.2046124662675,24478.0,30870.0,38924.00000000001,0.1980415899802928,1.2056,0.9085,1.1037,1.0266,0.8914,0.7688,1.0955
PAM56,62,17741.612903225807,7505.575893097336,6954.0,19820.0,25948.0,0.4230492421426161,1.2056,0.9085,1.1037,1.0266,0.8914,0.7688,1.0955
PAM59,52,5258.461538461538,2296.103591821165,1944.0,5940.0,7708.0,0.4366493079823749,1.2056,0.9085,1.1037,1.0266,0.8914,0.7688,1.0955
PAM60,356,25593.426966292136,5656.9598711130575,19780.0,25310.0,31320.0,0.22103174688421232,1.2056,0.9085,1.1037,1.0266,0.8914,0.7688,1.0955
PAM61,354,32665.141242937854,7554.545119528824,24466.0,32250.0,42540.0,0.23127238493610075,1.2056,0.9085,1.1037,1.0266,0.8914,0.7688,1.0955
PAM62,351,27891.680911680913,6100.47504198581,21580.0,27720.0,35420.0,0.2187202363781151,1.2056,0.9085,1.1037,1.0266,0.8914,0.7688,1.0955
PAM63,333,25994.27927927928,4793.2740675060495,21612.0,25760.0,31372.0,0.18439726741440737,1.2056,0.9085,1.1037,1.0266,0.8914,0.7688,1.0955
PAM64,356,29026.3202247191,6241.278372007261,23390.0,28010.0,36670.0,0.21502134351470867,1.2056,0.9085,1.1037,1.0266,0.8914,0.7688,1.0955
PAM65,309,26205.048948220065,6269.32010440611,19852.0,26080.0,33628.0,0.23924092325849072,1.2056,0.9085,1.1037,1.0266,0.8914,0.7688,1.0955
PAM67,22,16765.454545454544,5219.4551141198335,10534.0,18520.0,22190.0,0.3113220163502775,1.2056,0.9085,1.1037,1.0266,0.8914,0.7688,1.0955
PAM69,346,8897.514450867053,2093.2880054363295,6950.0,8550.0,10920.0,0.2352666036111176,1.2056,0.9085,1.1037,1.0266,0.8914,0.7688,1.0955
PAM70,360,40080.85833333333,8044.4673102561555,29836.0,40970.0,48966.0,0.20070596401290033,1.2056,0.9085,1.1037,1.0266,0.8914,0.7688,1.0955
PAM71,348,39281.55172413793,7878.0792364338495,30826.0,39720.0,48546.0,0.2005541759592172,1.2056,0.9085,1.1037,1.0266,0.8914,0.7688,1.0955
PAM72,350,40208.2,8503.69603883611,30274.0,40410.0,49448.0,0.21149158725921852,1.2056,0.9085,1.1037,1.0266,0.8914,0.7688,1.0955
PAM73,342,30251.754385964912,7059.960611357897,22104.0,30390.0,38370.0,0.23337359285957032,1.2056,0.9085,1.1037,1.0266,0.8914,0.7688,1.0955
PAM74,354,37050.734463276836,9212.235122177868,25138.0,37430.0,47128.0,0.2486383942350362,1.2056,0.9085,1.1037,1.0266,0.8914,0.7688,1.0955
PAM75,347,31990.230547550433,7498.271435015415,23892.0,31260.0,41356.0,0.23439254130632,1.2056,0.9085,1.1037,1.0266,0.8914,0.7688,1.0955
PAM78,80,21296.875,6331.686158080673,12672.0,22200.0,27774.0,0.2973058797631424,1.2056,0.9085,1.1037,1.0266,0.8914,0.7688,1.0955
PAM79,354,8905.084745762711,1920.0746912537766,6606.0,8870.0,11128.0,0.215615543935997,1.2056,0.9085,1.1037,1.0266,0.8914,0.7688,1.0955
PAM80,346,25226.21387283237,4925.1650572424805,20130.0,25270.0,30830.0,0.19523996276534736,1.2056,0.9085,1.1037,1.0266,0.8914,0.7688,1.0955
PAM81,317,23262.334384858044,4978.954529244931,17632.0,23500.0,28004.000000000004,0.21403503392530718,1.2056,0.9085,1.1037,1.0266,0.8914,0.7688,1.0955
PAM82,337,26154.718100890208,15587.619457500368,19376.0,24960.0,30984.000000000004,0.5959773451723734,1.2056,0.9085,1.1037,1.0266,0.8914,0.7688,1.0955
PAM83,350,25666.82857142857,6951.686439597385,19268.0,25910.0,30848.0,0.27084321774509235,1.2056,0.9085,1.1037,1.0266,0.8914,0.7688,1.0955
PAM84,346,25642.312138728324,9655.290740117563,20640.0,24850.0,30930.0,0.37653744669673916,1.2056,0.9085,1.1037,1.0266,0.8914,0.7688,1.0955
PAM85,353,25491.388101983004,6056.787941638014,19440.0,25440.0,32332.000000000004,0.2376013388288906,1.2056,0.9085,1.1037,1.0266,0.8914,0.7688,1.0955
PAM87,320,4402.775,3060.9102667041775,2580.0,3660.0,6424.000000000001,0.6952229597706396,1.2056,0.9085,1.1037,1.0266,0.8914,0.7688,1.0955
PAM88,24,17938.333333333332,4599.689655567669,11230.0,18570.0,22698.0,0.2564167790895291,1.2056,0.9085,1.1037,1.0266,0.8914,0.7688,1.0955
PAS59,235,1411.1914893617022,935.3729234429256,600.0,1240.0,2347.9999999999995,0.6628249465038974,1.2056,0.9085,1.1037,1.0266,0.8914,0.7688,1.0955
PAS79,50,2374.4,3810.6425404947877,770.0,1400.0,3218.0000000000005,1.6048865146962548,1.2056,0.9085,1.1037,1.0266,0.8914,0.7688,1.0955
PAT01,353,22886.43059490085,5041.421466706625,18444.0,22520.0,27528.0,0.22027993599971268,1.2056,0.9085,1.1037,1.0266,0.8914,0.7688,1.0955
PAT02,354,24176.49717514124,4691.3811808298715,20292.0,24050.0,28548.0,0.19404718337996638,1.2056,0.9085,1.1037,1.0266,0.8914,0.7688,1.0955
PAT03,351,24122.5641025641,4399.648977007044,20380.0,23380.0,28360.0,0.18238728512858982,1.2056,0.9085,1.1037,1.0266,0.8914,0.7688,1.0955
PAT04,355,23892.732394366198,5501.568766916529,19244.0,23000.0,29408.000000000007,0.2302611805175441,1.2056,0.9085,1.1037,1.0266,0.8914,0.7688,1.0955
PAT05,39,25379.48717948718,4311.0274442215405,22508.0,24480.0,29436.0,0.16986266955409182,1.2056,0.9085,1.1037,1.0266,0.8914,0.7688,1.0955
PAT09,353,6273.14447592068,1729.9334997989092,4948.0,5960.0,7836.0,0.27576815844736546,1.2056,0.9085,1.1037,1.0266,0.8914,0.7688,1.0955
PAT10,300,21456.233333333334,4607.472570783681,16120.0,21830.0,25742.0,0.21473818350146953,1.2056,0.9085,1.1037,1.0266,0.8914,0.7688,1.0955
PAT50,348,21625.0,5586.501356514658,15760.0,20860.0,28382.000000000004,0.2583353228446085,1.2056,0.9085,1.1037,1.0266,0.8914,0.7688,1.0955
PAT51,356,26915.337078651686,8595.564244119774,17730.0,24320.0,40280.0,0.3193556231156205,1.2056,0.9085,1.1037,1.0266,0.8914,0.7688,1.0955
PAT52,347,23080.230547550433,4859.962885974806,18012.0,23240.0,27088.0,0.2105682123045607,1.2056,0.9085,1.1037,1.0266,0.8914,0.7688,1.0955
PAT53,351,20727.63532763533,4761.417897260057,16400.0,20160.0,25860.0,0.22971351155101846,1.2056,0.9085,1.1037,1.0266,0.8914,0.7688,1.0955
PAT54,351,23434.871794871793,5031.8127290927005,18080.0,23060.0,28800.0,0.21471475385642186,1.2056,0.9085,1.1037,1.0266,0.8914,0.7688,1.0955
PAT56,124,17125.16129032258,6168.095130163732,9006.0,16750.0,25850.0,0.36017734522881956,1.2056,0.9085,1.1037,1.0266,0.8914,0.7688,1.0955
PAT59,249,6574.457831325301,2000.9811623615858,4704.0,6260.0,8664.0,0.30435683271516567,1.2056,0.9085,1.1037,1.0266,0.8914,0.7688,1.0955
PAT60,356,18947.808988764045,4266.463354131189,14610.0,18680.0,23980.0,0.2251692191250809,1.2056,0.9085,1.1037,1.0266,0.8914,0.7688,1.0955
PAT61,357,20877.703081232492,4225.269659809708,16500.0,20640.0,25688.0,0.20238192119936377,1.2056,0.9085,1.1037,1.0266,0.8914,0.7688,1.0955
PAT62,355,20580.732394366198,4327.726471397627,16200.0,20340.0,25484.0,0.21028048897726817,1.2056,0.9085,1.1037,1.0266,0.8914,0.7688,1.0955
PAT63,355,19613.014084507042,4318.852731019017,15404.0,19160.0,23796.0,0.22020341760885284,1.2056,0.9085,1.1037,1.0266,0.8914,0.7688,1.0955
PAT64,181,22353.701657458565,4757.1034720542475,17560.0,22500.0,27100.0,0.21281054676986735,1.2056,0.9085,1.1037,1.0266,0.8914,0.7688,1.0955
PAT67,217,17251.612903225807,4875.312115119682,11116.0,17200.0,21864.0,0.28260036568569585,1.2056,0.9085,1.1037,1.0266,0.8914,0.7688,1.0955
PAT69,353,9463.739706515582,2111.0192906923276,8064.0,9260.0,10788.0,0.22306396373506934,1.2056,0.9085,1.1037,1.0266,0.8914,0.7688,1.0955
PAT70,349,22219.372492836676,7180.45134806996,15932.0,20760.0,32052.0,0.32316175222251986,1.2056,0.9085,1.1037,1.0266,0.8914,0.7688,1.0955
PAT71,360,23876.277777777777,4770.162664378456,19206.0,23830.0,29248.0,0.19978669660218815,1.2056,0.9085,1.1037,1.0266,0.8914,0.7688,1.0955
PAT72,364,26214.67032967033,5989.78553414165,20084.0,25490.0,34214.0,0.22848982874151505,1.2056,0.9085,1.1037,1.0266,0.8914,0.7688,1.0955
PAT73,356,23288.11797752809,5295.219060503368,17700.0,23130.0,28930.0,0.227378574155842,1.2056,0.9085,1.1037,1.0266,0.8914,0.7688,1.0955
PAT74,348,23365.126436781607,9187.074053007163,16712.0,21760.0,30920.000000000004,0.3931959913790487,1.2056,0.9085,1.1037,1.0266,0.8914,0.7688,1.0955
PAT78,216,19459.166666666668,7906.772913583441,11730.0,18460.0,29260.0,0.406326388433049,1.2056,0.9085,1.1037,1.0266,0.8914,0.7688,1.0955
PAT79,352,7067.897727272727,1743.291451114122,5440.0,6720.0,9236.000000000002,0.24664921853457575,1.2056,0.9085,1.1037,1.0266,0.8914,0.7688,1.0955
PAT80,351,21955.954415954417,4580.880094875924,16840.0,22000.0,26980.0,0.20863953386363393,1.2056,0.9085,1.1037,1.0266,0.8914,0.7688,1.0955
PAT81,355,25552.394366197183,9929.168675095578,16208.0,23080.0,41896.0,0.3885807542259406,1.2056,0.9085,1.1037,1.0266,0.8914,0.7688,1.0955
PAT82,353,28014.790368271955,82050.66489157245,18372.0,24100.0,28036.0,2.9288337986101305,1.2056,0.9085,1.1037,1.0266,0.8914,0.7688,1.0955
PAT83,348,20746.32183908046,7077.401730196469,15714.0,20270.0,25100.000000000004,0.3411400722061757,1.2056,0.9085,1.1037,1.0266,0.8914,0.7688,1.0955
PAT84,350,20816.4,3852.620090112604,16620.0,20950.0,25008.0,0.18507619425609634,1.2056,0.9085,1.1037,1.0266,0.8914,0.7688,1.0955
PAT87,344,7236.686046511628,5608.725143207646,5226.0,6520.0,9523.999999999998,0.7750405513185522,1.2056,0.9085,1.1037,1.0266,0.8914,0.7688,1.0955
PAT88,256,20501.953125,7337.586562521768,12280.0,19860.0,30990.0,0.35789695341632327,1.2056,0.9085,1.1037,1.0266,0.8914,0.7688,1.0955
PAW01,356,27409.94382022472,5438.244434746032,21750.0,26750.0,34170.0,0.1984040708151093,1.2056,0.9085,1.1037,1.0266,0.8914,0.7688,1.0955
PAW02,356,31216.3202247191,7940.948408872741,24180.0,29230.0,40960.0,0.25438451270706103,1.2056,0.9085,1.1037,1.0266,0.8914,0.7688,1.0955
PAW03,350,29406.942857142858,6470.267999935914,23308.0,28340.0,37292.00000000001,0.22002518355505649,1.2056,0.9085,1.1037,1.0266,0.8914,0.7688,1.0955
PAW04,353,28802.039660056656,5489.111155962642,23220.0,28120.0,36176.0,0.19058064014733894,1.2056,0.9085,1.1037,1.0266,0.8914,0.7688,1.0955
PAW05,354,28685.93220338983,6090.902318612628,22666.0,27950.0,35568.0,0.2123306391239697,1.2056,0.9085,1.1037,1.0266,0.8914,0.7688,1.0955
PAW06,314,26204.649681528663,5739.544574407742,20366.0,25470.0,34154.0,0.21902771623211117,1.2056,0.9085,1.1037,1.0266,0.8914,0.7688,1.0955
PAW09,347,6314.0345821325645,2804.72276745293,3992.0,5440.0,9468.0,0.4442045305532101,1.2056,0.9085,1.1037,1.0266,0.8914,0.7688,1.0955
PAW10,154,22298.7012987013,6161.366742242876,14622.0,23570.0,27810.0,0.27631056444537067,1.2056,0.9085,1.1037,1.0266,0.8914,0.7688,1.0955
PAW50,349,27579.501432664758,5793.346984209728,22016.0,27260.0,34120.0,0.21005988807862105,1.2056,0.9085,1.1037,1.0266,0.8914,0.7688,1.0955
PAW51,352,31227.670454545456,9908.83649636037,23166.0,28380.0,47418.0,0.3173094999444012,1.2056,0.9085,1.1037,1.0266,0.8914,0.7688,1.0955
PAW52,351,26399.373219373218,4892.887976326534,21320.0,26300.0,32500.0,0.18534106608015533,1.2056,0.9085,1.1037,1.0266,0.8914,0.7688,1.0955
PAW53,353,27037.73371104816,6454.174078157594,19848.0,26560.0,35620.0,0.23870987661662962,1.2056,0.9085,1.1037,1.0266,0.8914,0.7688,1.0955
PAW54,355,26842.25352112676,5357.574868036744,22256.0,26740.0,32804.0,0.19959482402697493,1.2056,0.9085,1.1037,1.0266,0.8914,0.7688,1.0955
PAW55,284,24673.591549295776,6784.142166482948,17480.0,24550.0,31288.0,0.2749555999145401,1.2056,0.9085,1.1037,1.0266,0.8914,0.7688,1.0955
PAW56,81,16600.74074074074,7073.119852260701,6100.0,17840.0,24000.0,0.4260725447571258,1.2056,0.9085,1.1037,1.0266,0.8914,0.7688,1.0955
PAW59,250,7322.48,2643.0240547934604,5560.0,6730.0,9326.0,0.3609465720348107,1.2056,0.9085,1.1037,1.0266,0.8914,0.7688,1.0955
PAW60,331,24490.996978851963,4742.765326517337,19260.0,24300.0,30260.0,0.19365342009607556,1.2056,0.9085,1.1037,1.0266,0.8914,0.7688,1.0955
PAW61,347,25065.10172334294,5030.071760172042,20204.0,25100.0,29628.0,0.20068028511081498,1.2056,0.9085,1.1037,1.0266,0.8914,0.7688,1.0955
PAW62,354,23993.813559322032,4459.7152285561515,18606.0,24110.0,28802.0,0.18586937910182566,1.2056,0.9085,1.1037,1.0266,0.8914,0.7688,1.0955
PAW63,352,24651.079545454544,4754.015603500568,19388.0,24710.0,29240.000000000007,0.19285222761682946,1.2056,0.9085,1.1037,1.0266,0.8914,0.7688,1.0955
PAW64,350,24642.628571428573,4103.528421534894,20480.0,24920.0,28482.0,0.16652153846496115,1.2056,0.9085,1.1037,1.0266,0.8914,0.7688,1.0955
PAW65,297,27269.542087542086,5998.866726792987,22084.0,26600.0,33952.0,0.2199841386237846,1.2056,0.9085,1.1037,1.0266,0.8914,0.7688,1.0955
PAW67,32,16731.875,6530.4346728322025,8778.0,17840.0,21340.0,0.39029903539395333,1.2056,0.9085,1.1037,1.0266,0.8914,0.7688,1.0955
PAW69,352,7019.318181818182,1870.8663352417357,5440.0,6700.0,9172.000000000004,0.26653106281572403,1.2056,0.9085,1.1037,1.0266,0.8914,0.7688,1.0955
PAW70,347,28180.749279538904,6886.310497597936,21060.0,27240.0,36560.0,0.2443622215040909,1.2056,0.9085,1.1037,1.0266,0.8914,0.7688,1.0955
PAW71,354,33256.9209039548,8414.313305076792,24638.0,32550.0,43403.99999999999,0.2530093910190041,1.2056,0.9085,1.1037,1.0266,0.8914,0.7688,1.0955
PAW72,351,40074.70085470085,8050.039954397695,31080.0,40000.0,48380.0,0.20087585890122514,1.2056,0.9085,1.1037,1.0266,0.8914,0.7688,1.0955
PAW73,355,38211.23943661972,7365.164466052315,28612.0,38060.0,47492.0,0.1927486408356049,1.2056,0.9085,1.1037,1.0266,0.8914,0.7688,1.0955
PAW74,355,28821.087323943662,6368.539787822332,21576.0,28120.0,37092.0,0.22096806120605822,1.2056,0.9085,1.1037,1.0266,0.8914,0.7688,1.0955
PAW78,144,23133.958333333332,7458.772487429201,12770.0,23620.0,30062.000000000004,0.3224166128406128,1.2056,0.9085,1.1037,1.0266,0.8914,0.7688,1.0955
PAW79,348,8029.827586206897,2619.350948960244,5640.0,7260.0,11258.0,0.3262026389532436,1.2056,0.9085,1.1037,1.0266,0.8914,0.7688,1.0955
PAW80,352,26263.977272727272,5804.772580044345,19148.0,26480.0,33246.000000000015,0.22101650941009868,1.2056,0.9085,1.1037,1.0266,0.8914,0.7688,1.0955
PAW81,351,24702.10826210826,5424.639774712115,18900.0,24740.0,30580.0,0.21960229941317308,1.2056,0.9085,1.1037,1.0266,0.8914,0.7688,1.0955
PAW82,357,25368.459383753503,6152.199308190496,19304.0,24880.0,32044.000000000004,0.24251371418047143,1.2056,0.9085,1.1037,1.0266,0.8914,0.7688,1.0955
PAW83,357,24545.01400560224,5106.600356877308,19128.0,24620.0,30108.000000000004,0.20805041527830292,1.2056,0.9085,1.1037,1.0266,0.8914,0.7688,1.0955
PAW84,319,23106.025078369905,4294.852156174208,17292.0,23560.0,27712.0,0.18587585452742889,1.2056,0.9085,1.1037,1.0266,0.8914,0.7688,1.0955
PAW85,350,23483.314285714285,5426.556200133295,17040.0,23580.0,29144.000000000007,0.23108135990133458,1.2056,0.9085,1.1037,1.0266,0.8914,0.7688,1.0955
PAW87,341,3719.5307917888563,2538.751849958306,1940.0,3220.0,5740.0,0.6825462651264487,1.2056,0.9085,1.1037,1.0266,0.8914,0.7688,1.0955
PAW88,88,18212.727272727272,6165.054786655674,10818.0,17670.0,25816.0,0.3385025589159051,1.2056,0.9085,1.1037,1.0266,0.8914,0.7688,1.0955
PF10,327,17015.963302752294,3647.3199975178104,12696.0,17040.0,21148.000000000004,0.21434695953580626,1.2056,0.9085,1.1037,1.0266,0.8914,0.7688,1.0955
PF11,345,16483.130434782608,3332.0943808044335,13208.0,16180.0,20168.0,0.20215179355573543,1.2056,0.9085,1.1037,1.0266,0.8914,0.7688,1.0955
PF12,41,16693.658536585364,3676.961895435933,12380.0,16740.0,20460.0,0.22026099835321322,1.2056,0.9085,1.1037,1.0266,0.8914,0.7688,1.0955
PF13,345,16041.971014492754,4980.129662232275,11096.0,15340.0,21640.0,0.3104437514400874,1.2056,0.9085,1.1037,1.0266,0.8914,0.7688,1.0955
PF14,203,12505.960591133005,4727.3409977840965,8364.0,11220.0,18804.000000000007,0.37800702819548965,1.2056,0.9085,1.1037,1.0266,0.8914,0.7688,1.0955
PF19,263,10750.96577946768,1779.0120668334398,9112.0,10560.0,12732.0,0.16547462835673962,1.2056,0.9085,1.1037,1.0266,0.8914,0.7688,1.0955
PF20,353,17685.68271954674,3294.782582004995,13892.0,17540.0,21648.0,0.18629660128209266,1.2056,0.9085,1.1037,1.0266,0.8914,0.7688,1.0955
PF21,347,16777.23342939481,4993.90210355787,12052.0,15660.0,22892.000000000004,0.2976594516953091,1.2056,0.9085,1.1037,1.0266,0.8914,0.7688,1.0955
PF22,347,16672.79538904899,3151.5710315148995,13052.0,16600.0,20744.000000000004,0.18902475307679426,1.2056,0.9085,1.1037,1.0266,0.8914,0.7688,1.0955
PF23,156,13016.28205128205,4633.952568839741,8180.0,12720.0,18450.0,0.35601199717267307,1.2056,0.9085,1.1037,1.0266,0.8914,0.7688,1.0955
PF24,342,10032.397660818713,3248.183175424205,6242.0,10090.0,13018.0,0.3237693804851761,1.2056,0.9085,1.1037,1.0266,0.8914,0.7688,1.0955
PF30,315,20397.777777777777,6308.164269205049,13984.0,19180.0,29848.0,0.3092574268593825,1.2056,0.9085,1.1037,1.0266,0.8914,0.7688,1.0955
PF31,50,17041.6,5225.642958194773,11514.0,16030.0,24220.000000000004,0.3066403951621194,1.2056,0.9085,1.1037,1.0266,0.8914,0.7688,1.0955
PF32,345,15079.014492753624,3908.1438766805727,11288.0,14360.0,18708.0,0.2591776722914267,1.2056,0.9085,1.1037,1.0266,0.8914,0.7688,1.0955
PF33,340,17641.529411764706,5257.549258225946,13052.0,16740.0,23422.000000000004,0.2980211712664671,1.2056,0.9085,1.1037,1.0266,0.8914,0.7688,1.0955
PF34,31,12876.129032258064,4183.3397163983345,8180.0,13160.0,17520.0,0.3248910993294628,1.2056,0.9085,1.1037,1.0266,0.8914,0.7688,1.0955
PF39,345,9954.028985507246,3885.8946246702467,7040.0,8940.0,14556.000000000005,0.390384097768651,1.2056,0.9085,1.1037,1.0266,0.8914,0.7688,1.0955
PF40,355,21628.50704225352,6507.416609425173,15000.0,20140.0,31960.0,0.30087220522028,1.2056,0.9085,1.1037,1.0266,0.8914,0.7688,1.0955
PF41,353,23850.594900849857,7177.196522959257,14820.0,23620.0,32700.000000000004,0.30092316576571077,1.2056,0.9085,1.1037,1.0266,0.8914,0.7688,1.0955
PH10,348,22344.77011494253,12690.135005584803,16954.0,21460.0,26046.0,0.5679241692935825,1.2056,0.9085,1.1037,1.0266,0.8914,0.7688,1.0955
PH11,352,20703.295454545456,4415.709903553894,15284.0,20700.0,25714.000000000004,0.21328536383247212,1.2056,0.9085,1.1037,1.0266,0.8914,0.7688,1.0955
PH12,352,21684.63068181818,3866.9063261967117,17702.0,21540.0,25810.000000000004,0.17832474912468674,1.2056,0.9085,1.1037,1.0266,0.8914,0.7688,1.0955
PH13,24,16180.833333333334,4201.682806423767,11678.0,15630.0,21854.0,0.25967035936079313,1.2056,0.9085,1.1037,1.0266,0.8914,0.7688,1.0955
PH14,155,12317.032258064517,4313.243750913784,7340.0,12280.0,17772.0,0.3501853092971896,1.2056,0.9085,1.1037,1.0266,0.8914,0.7688,1.0955
PH19,267,12576.104868913857,2214.9471293811157,10544.0,12400.0,15224.0,0.1761234621107617,1.2056,0.9085,1.1037,1.0266,0.8914,0.7688,1.0955
PH20,348,21173.53448275862,8978.946292323024,15942.0,20170.0,25836.0,0.42406459344964265,1.2056,0.9085,1.1037,1.0266,0.8914,0.7688,1.0955
PH21,356,25456.573033707864,8478.783632384537,17740.0,23170.0,39430.0,0.33306854073238795,1.2056,0.9085,1.1037,1.0266,0.8914,0.7688,1.0955
PH22,72,22914.722222222223,4345.76043110635,17980.0,22940.0,27060.0,0.18964927390182026,1.2056,0.9085,1.1037,1.0266,0.8914,0.7688,1.0955
PH23,219,21458.812785388127,6292.797722095628,14392.0,21360.0,27056.0,0.29325004067236005,1.2056,0.9085,1.1037,1.0266,0.8914,0.7688,1.0955
PH24,225,8248.444444444445,3933.1832094030615,3732.0000000000005,7740.0,12080.0,0.4768393890380348,1.2056,0.9085,1.1037,1.0266,0.8914,0.7688,1.0955
PH30,354,22474.12429378531,7282.7102826485225,14986.0,20190.0,33896.0,0.32404867871369675,1.2056,0.9085,1.1037,1.0266,0.8914,0.7688,1.0955
PH31,354,24677.401129943504,4417.792768278612,20078.0,24390.0,29210.0,0.17902179994627035,1.2056,0.9085,1.1037,1.0266,0.8914,0.7688,1.0955
PH32,353,24775.240793201134,5410.800857725915,19400.0,23900.0,30592.0,0.21839549019482213,1.2056,0.9085,1.1037,1.0266,0.8914,0.7688,1.0955
PH33,44,17765.454545454544,3833.9835707970446,12910.0,17480.0,21812.000000000004,0.21581117223808974,1.2056,0.9085,1.1037,1.0266,0.8914,0.7688,1.0955
PH39,334,5895.688622754491,5241.980516425533,1800.0,4380.0,14377.999999999996,0.8891209919387597,1.2056,0.9085,1.1037,1.0266,0.8914,0.7688,1.0955
PH40,353,23664.13597733711,5303.011998306712,18320.0,23060.0,28836.000000000004,0.2240948920926312,1.2056,0.9085,1.1037,1.0266,0.8914,0.7688,1.0955
PH41,357,24345.01400560224,7252.062613400388,18132.0,22960.0,32392.00000000002,0.29788697643515644,1.2056,0.9085,1.1037,1.0266,0.8914,0.7688,1.0955
PH42,326,33946.44171779141,9010.198883213083,21450.0,36220.0,43580.0,0.2654239568941571,1.2056,0.9085,1.1037,1.0266,0.8914,0.7688,1.0955
PM10,353,22830.70821529745,11002.522737957821,16860.0,22520.0,27176.0,0.48191771513183757,1.2056,0.9085,1.1037,1.0266,0.8914,0.7688,1.0955
PM11,352,22776.02556818182,4501.448830636973,17404.0,23140.0,26712.000000000004,0.19763978650100883,1.2056,0.9085,1.1037,1.0266,0.8914,0.7688,1.0955
PM12,353,22337.110481586402,4536.6374251160605,17628.0,22440.0,26952.0,0.20309866976106145,1.2056,0.9085,1.1037,1.0266,0.8914,0.7688,1.0955
PM14,129,12262.32558139535,5596.4065635386605,5352.0,11440.0,20476.0,0.45639030919466395,1.2056,0.9085,1.1037,1.0266,0.8914,0.7688,1.0955
PM19,262,9187.93893129771,3072.2190409111104,5280.0,8940.0,13228.0,0.3343752134056891,1.2056,0.9085,1.1037,1.0266,0.8914,0.7688,1.0955
PM20,358,24919.608938547484,7617.794211066672,17642.0,23540.0,34622.0,0.3056947735356676,1.2056,0.9085,1.1037,1.0266,0.8914,0.7688,1.0955
PM21,353,24616.827195467424,5043.772613574101,19024.0,24160.0,29620.0,0.20489125481218742,1.2056,0.9085,1.1037,1.0266,0.8914,0.7688,1.0955
PM22,353,22900.84985835694,4842.644417826596,17948.0,22200.0,28660.0,0.21146134085759377,1.2056,0.9085,1.1037,1.0266,0.8914,0.7688,1.0955
PM23,219,20561.0502283105,5452.364464134723,14292.0,20480.0,26324.000000000004,0.2651792784702877,1.2056,0.9085,1.1037,1.0266,0.8914,0.7688,1.0955
PM24,162,8517.901234567902,6232.522836656071,2558.0000000000005,6910.0,17130.0,0.7316970066948935,1.2056,0.9085,1.1037,1.0266,0.8914,0.7688,1.0955
PM30,358,31246.703910614524,8573.03019990272,21470.0,29970.0,42872.0,0.27436590510240844,1.2056,0.9085,1.1037,1.0266,0.8914,0.7688,1.0955
PM31,353,22549.971671388103,5027.81063970598,17584.0,22220.0,27336.000000000004,0.22296305791307827,1.2056,0.9085,1.1037,1.0266,0.8914,0.7688,1.0955
PM32,346,22379.017341040464,4871.433936409264,17060.0,22640.0,27140.0,0.2176786345071386,1.2056,0.9085,1.1037,1.0266,0.8914,0.7688,1.0955
PM33,27,19757.777777777777,4781.500676351381,13696.0,21080.0,25120.0,0.24200599531640102,1.2056,0.9085,1.1037,1.0266,0.8914,0.7688,1.0955
PM39,188,6971.223404255319,6340.915274364464,2128.0,4500.0,19230.0,0.9095842876723607,1.2056,0.9085,1.1037,1.0266,0.8914,0.7688,1.0955
PM40,357,29435.686274509804,13878.583954260504,22036.0,27680.0,37952.00000000001,0.47148837723137565,1.2056,0.9085,1.1037,1.0266,0.8914,0.7688,1.0955
PM41,346,23526.93641618497,5996.385421525339,17630.0,23190.0,27970.0,0.25487319366410255,1.2056,0.9085,1.1037,1.0266,0.8914,0.7688,1.0955
PM42,360,30480.11388888889,8788.733544469535,21596.0,28880.0,43018.00000000001,0.28834319899550465,1.2056,0.9085,1.1037,1.0266,0.8914,0.7688,1.0955
PS39,22,3384.5454545454545,6086.750424974786,742.0,1470.0,4366.000000000003,1.7983952370325718,1.2056,0.9085,1.1037,1.0266,0.8914,0.7688,1.0955
PT10,356,15164.662921348314,5537.274424757365,10000.0,13970.0,21410.0,0.36514325794621993,1.2056,0.9085,1.1037,1.0266,0.8914,0.7688,1.0955
PT11,350,17897.742857142857,5551.313202459122,12112.0,17310.0,23600.000000000004,0.31016834059852605,1.2056,0.9085,1.1037,1.0266,0.8914,0.7688,1.0955
PT12,46,23894.347826086956,5506.858209813938,15480.0,25240.0,28470.0,0.23046698114111136,1.2056,0.9085,1.1037,1.0266,0.8914,0.7688,1.0955
PT14,215,10009.302325581395,3530.4166941510407,5688.0,9680.0,14076.0,0.35271356377438373,1.2056,0.9085,1.1037,1.0266,0.8914,0.7688,1.0955
PT19,282,6698.22695035461,2239.594137000759,4942.0,6140.0,8932.0,0.3343562637695029,1.2056,0.9085,1.1037,1.0266,0.8914,0.7688,1.0955
PT20,351,13521.196581196582,4104.585553268755,9400.0,12580.0,18600.0,0.3035667389805461,1.2056,0.9085,1.1037,1.0266,0.8914,0.7688,1.0955
PT21,349,14809.054441260745,5716.203473401421,9632.0,12920.0,24415.999999999996,0.38599381858405685,1.2056,0.9085,1.1037,1.0266,0.8914,0.7688,1.0955
PT22,76,16601.052631578947,6147.274209804401,9920.0,16310.0,24990.0,0.3702942425536859,1.2056,0.9085,1.1037,1.0266,0.8914,0.7688,1.0955
PT23,216,11348.657407407407,3299.665318228042,8200.0,10790.0,15590.0,0.2907538045931592,1.2056,0.9085,1.1037,1.0266,0.8914,0.7688,1.0955
PT24,246,5221.138211382114,3477.852305427974,2030.0,4500.0,8720.0,0.6661099868695746,1.2056,0.9085,1.1037,1.0266,0.8914,0.7688,1.0955
PT30,351,22070.19943019943,8132.1864721154025,13280.0,20660.0,33180.0,0.36846909779110765,1.2056,0.9085,1.1037,1.0266,0.8914,0.7688,1.0955
PT31,354,16135.649717514125,5113.041953533886,11440.0,15270.0,21854.0,0.3168785913829075,1.2056,0.9085,1.1037,1.0266,0.8914,0.7688,1.0955
PT32,188,18435.63829787234,5379.617317067974,13230.0,17510.0,24546.000000000004,0.29180531914041924,1.2056,0.9085,1.1037,1.0266,0.8914,0.7688,1.0955
PT39,347,7940.057636887608,6848.947853639322,4016.0,6520.0,11992.000000000013,0.8625816293600627,1.2056,0.9085,1.1037,1.0266,0.8914,0.7688,1.0955
PT40,353,19835.354107648724,4437.4540909073785,15380.0,19340.0,25252.0,0.2237143872917423,1.2056,0.9085,1.1037,1.0266,0.8914,0.7688,1.0955
PT41,356,20209.157303370786,10393.828849904228,14490.0,18750.0,26290.0,0.5143128282825821,1.2056,0.9085,1.1037,1.0266,0.8914,0.7688,1.0955
PT42,347,22544.521613832854,15170.079811117923,15908.0,19480.0,29876.000000000004,0.6728942876219594,1.2056,0.9085,1.1037,1.0266,0.8914,0.7688,1.0955
PW10,353,22871.784702549576,4422.143073511556,18320.0,22800.0,26732.0,0.19334490644355395,1.2056,0.9085,1.1037,1.0266,0.8914,0.7688,1.0955
PW11,348,23632.873563218393,4892.819395030096,17618.0,23930.0,28606.0,0.20703446755815408,1.2056,0.9085,1.1037,1.0266,0.8914,0.7688,1.0955
PW12,349,23283.610315186248,4542.0821124980675,18616.0,23340.0,27756.0,0.19507636706733533,1.2056,0.9085,1.1037,1.0266,0.8914,0.7688,1.0955
PW13,37,18564.864864864863,7716.0459151410305,11620.0,15980.0,31324.0,0.4156262903773739,1.2056,0.9085,1.1037,1.0266,0.8914,0.7688,1.0955
PW14,200,15914.5,5419.732767058874,9906.0,15610.0,23030.0,0.34055312872279203,1.2056,0.9085,1.1037,1.0266,0.8914,0.7688,1.0955
PW19,263,12886.007604562737,2839.408945581332,9860.0,12540.0,16348.0,0.2203482283043152,1.2056,0.9085,1.1037,1.0266,0.8914,0.7688,1.0955
PW20,353,20884.617563739375,4507.785869701111,15704.0,20360.0,26336.0,0.21584239481251938,1.2056,0.9085,1.1037,1.0266,0.8914,0.7688,1.0955
PW21,353,21680.96317280453,11901.275054938404,16024.0,20500.0,27008.0,0.5489274143441534,1.2056,0.9085,1.1037,1.0266,0.8914,0.7688,1.0955
PW22,316,26837.974683544304,4351.339404738507,22080.0,26890.0,31550.0,0.16213367275461846,1.2056,0.9085,1.1037,1.0266,0.8914,0.7688,1.0955
PW23,224,18344.10714285714,5235.735873870578,12690.0,18120.0,24914.0,0.28541786379116724,1.2056,0.9085,1.1037,1.0266,0.8914,0.7688,1.0955
PW24,216,8730.092592592593,3975.0772396463162,4340.0,8130.0,13500.0,0.4553304787419018,1.2056,0.9085,1.1037,1.0266,0.8914,0.7688,1.0955
PW30,351,22108.71794871795,4458.315929033846,17240.0,22040.0,26540.0,0.20165420443533122,1.2056,0.9085,1.1037,1.0266,0.8914,0.7688,1.0955
PW31,347,21383.112391930837,4750.296077969457,16456.0,20820.0,26848.0,0.2221517612076919,1.2056,0.9085,1.1037,1.0266,0.8914,0.7688,1.0955
PW32,323,36653.57894736842,16832.323341250314,21708.0,29260.0,55616.0,0.4592272794266604,1.2056,0.9085,1.1037,1.0266,0.8914,0.7688,1.0955
PW33,66,23985.757575757576,5126.27231804826,18160.0,24080.0,30510.0,0.21372150960240618,1.2056,0.9085,1.1037,1.0266,0.8914,0.7688,1.0955
PW39,255,20334.352941176472,10420.484797659328,8308.0,19980.0,34832.0,0.5124571619172671,1.2056,0.9085,1.1037,1.0266,0.8914,0.7688,1.0955
PW40,352,25994.31818181818,6886.785528707491,20044.0,24690.0,34388.000000000015,0.2649342629622991,1.2056,0.9085,1.1037,1.0266,0.8914,0.7688,1.0955
PW41,356,38976.143258426964,10363.262347525748,25490.0,39520.0,49480.0,0.2658873218628455,1.2056,0.9085,1.1037,1.0266,0.8914,0.7688,1.0955
RFAS33,177,18925.19209039548,5295.817974563493,13788.0,18200.0,24828.0,0.2798290209826254,1.2056,0.9085,1.1037,1.0266,0.8914,0.7688,1.0955
RFAS34,137,15757.48905109489,4656.13748678399,11120.0,14530.0,22758.0,0.2954872741263599,1.2056,0.9085,1.1037,1.0266,0.8914,0.7688,1.0955
RFAS35,179,23257.569832402234,7659.2109833160985,13640.0,22810.0,34084.0,0.32932120761152595,1.2056,0.9085,1.1037,1.0266,0.8914,0.7688,1.0955
RFAS41,175,21107.245714285713,4606.201403576704,16526.8,20600.0,26615.999999999996,0.21822844467381908,1.2056,0.9085,1.1037,1.0266,0.8914,0.7688,1.0955
RFAS42,172,12428.447674418605,3100.717333086355,8900.0,12230.0,15968.0,0.24948548799610284,1.2056,0.9085,1.1037,1.0266,0.8914,0.7688,1.0955
RFAS43,176,18044.38068181818,5410.4757739008055,11730.0,17790.0,25216.5,0.29984269725325025,1.2056,0.9085,1.1037,1.0266,0.8914,0.7688,1.0955
RFAU10,177,20678.53672316384,6848.133787760295,14120.0,18460.0,33744.00000000001,0.3311711016809569,1.2056,0.9085,1.1037,1.0266,0.8914,0.7688,1.0955
RFAU11,135,21306.977777777778,11870.66251182518,12812.0,17940.0,41644.000000000015,0.5571255874780021,1.2056,0.9085,1.1037,1.0266,0.8914,0.7688,1.0955
RFAU12,178,19253.213483146068,4017.764598909021,14314.0,18720.0,24592.0,0.20868020823776265,1.2056,0.9085,1.1037,1.0266,0.8914,0.7688,1.0955
RFAU13,158,21533.41139240506,5627.667514850516,15442.0,20900.0,27878.000000000004,0.26134584122771287,1.2056,0.9085,1.1037,1.0266,0.8914,0.7688,1.0955
RFAU15,67,21802.44776119403,4366.945841007234,16240.0,22206.0,27056.0,0.2002961267853566,1.2056,0.9085,1.1037,1.0266,0.8914,0.7688,1.0955
RFAU16,64,22289.5625,5261.479705790419,16720.4,21090.0,28610.200000000004,0.23605127762334585,1.2056,0.9085,1.1037,1.0266,0.8914,0.7688,1.0955
RFAU20,177,21746.101694915254,6758.7158418229465,14796.0,20140.0,31752.0,0.31080126160742144,1.2056,0.9085,1.1037,1.0266,0.8914,0.7688,1.0955
RFAU21,177,24608.090395480227,7148.918671631424,17816.0,22230.0,34052.0,0.29051090745929914,1.2056,0.9085,1.1037,1.0266,0.8914,0.7688,1.0955
RFAU22,178,21681.03370786517,6331.968203662325,15232.0,20480.0,30058.0,0.29205102897678237,1.2056,0.9085,1.1037,1.0266,0.8914,0.7688,1.0955
RFAU23,113,19931.734513274336,5051.903315331648,15788.0,19140.0,28887.999999999996,0.2534602952877548,1.2056,0.9085,1.1037,1.0266,0.8914,0.7688,1.0955
RFAU24,97,22161.98969072165,7924.850540776311,13172.0,19900.0,32864.0,0.357587502357432,1.2056,0.9085,1.1037,1.0266,0.8914,0.7688,1.0955
RFAU25,64,30694.40625,10386.820404630835,17980.0,33790.0,42902.0,0.3383945700083654,1.2056,0.9085,1.1037,1.0266,0.8914,0.7688,1.0955
RFAU26,66,23105.348484848484,4851.244092593233,18836.5,22440.0,27820.0,0.20996195299865203,1.2056,0.9085,1.1037,1.0266,0.8914,0.7688,1.0955
RFAU50,110,18436.245454545453,3050.4498064659488,14874.0,18080.0,21858.0,0.1654593834729978,1.2056,0.9085,1.1037,1.0266,0.8914,0.7688,1.0955
RFAU51,109,19909.77981651376,4614.437820094099,15072.0,19860.0,24012.0,0.23176739585370743,1.2056,0.9085,1.1037,1.0266,0.8914,0.7688,1.0955
RFAU52,109,24297.688073394496,7110.92697725655,15360.0,23820.0,33968.0,0.29265858363878167,1.2056,0.9085,1.1037,1.0266,0.8914,0.7688,1.0955
RFAU53,110,21383.71818181818,6740.117490239706,14350.0,20580.0,27568.000000000004,0.31519857458515277,1.2056,0.9085,1.1037,1.0266,0.8914,0.7688,1.0955
RFBS33,179,20605.117318435754,6452.295362211439,12916.0,20160.0,28774.0,0.3131404331504805,1.2056,0.9085,1.1037,1.0266,0.8914,0.7688,1.0955
RFBS34,176,21705.80681818182,6505.305035752114,14600.0,20048.5,30570.0,0.29970344296545387,1.2056,0.9085,1.1037,1.0266,0.8914,0.7688,1.0955
RFBS35,176,18395.625,6053.785398645804,12435.0,17115.0,26655.0,0.32908832391646403,1.2056,0.9085,1.1037,1.0266,0.8914,0.7688,1.0955
RFBS40,177,19256.514124293786,6547.430357423495,12016.0,17720.0,28484.000000000004,0.3400111938828708,1.2056,0.9085,1.1037,1.0266,0.8914,0.7688,1.0955
RFBS41,177,29458.18079096045,6685.688420821803,19560.0,31160.0,36481.0,0.22695523760494324,1.2056,0.9085,1.1037,1.0266,0.8914,0.7688,1.0955
RFBS42,177,21362.350282485877,6384.562017922292,14860.0,19580.0,30764.0,0.2988698309640927,1.2056,0.9085,1.1037,1.0266,0.8914,0.7688,1.0955
RFBS43,49,15313.285714285714,4047.4606699756823,11816.0,14800.0,20468.0,0.26431039983795374,1.2056,0.9085,1.1037,1.0266,0.8914,0.7688,1.0955
RFBU10,178,23060.43820224719,4032.3387304890944,18658.0,22890.0,26674.000000000004,0.1748595883184974,1.2056,0.9085,1.1037,1.0266,0.8914,0.7688,1.0955
RFBU11,178,23087.460674157304,5830.38956757987,17276.0,21830.0,29946.0,0.252534899782463,1.2056,0.9085,1.1037,1.0266,0.8914,0.7688,1.0955
RFBU12,113,20495.522123893807,6017.379551137903,15772.0,18880.0,30427.199999999997,0.2935948406077835,1.2056,0.9085,1.1037,1.0266,0.8914,0.7688,1.0955
RFBU13,177,21191.361581920904,5867.864539581609,15636.0,20560.0,27908.000000000004,0.27689889188563,1.2056,0.9085,1.1037,1.0266,0.8914,0.7688,1.0955
RFBU14,64,21738.34375,4199.5690868089005,17152.4,21112.0,27850.0,0.19318716895388593,1.2056,0.9085,1.1037,1.0266,0.8914,0.7688,1.0955
RFBU15,66,19040.257575757576,3878.7982052756256,15970.0,18370.0,21390.0,0.20371563724086308,1.2056,0.9085,1.1037,1.0266,0.8914,0.7688,1.0955
RFBU16,64,20335.6875,3999.216990326267,16206.0,19890.0,26994.0,0.19666003376213698,1.2056,0.9085,1.1037,1.0266,0.8914,0.7688,1.0955
RFBU20,178,25808.573033707864,7545.223540753889,17042.0,24580.0,35408.00000000001,0.2923533792782453,1.2056,0.9085,1.1037,1.0266,0.8914,0.7688,1.0955
RFBU21,179,23737.854748603353,9042.27000938391,17276.0,20900.0,37412.000000000015,0.380921953780003,1.2056,0.9085,1.1037,1.0266,0.8914,0.7688,1.0955
RFBU22,177,20474.802259887005,5561.687539276217,15776.0,19600.0,25704.0,0.27163571441040674,1.2056,0.9085,1.1037,1.0266,0.8914,0.7688,1.0955
RFBU23,157,19496.292993630574,4679.077828361144,14568.0,19000.0,24044.0,0.23999833352370095,1.2056,0.9085,1.1037,1.0266,0.8914,0.7688,1.0955
RFBU24,65,23103.323076923076,6668.4802173820235,16032.0,21260.0,34040.0,0.28863727504390413,1.2056,0.9085,1.1037,1.0266,0.8914,0.7688,1.0955
RFBU25,63,18138.31746031746,3721.6089515041776,14388.0,17700.0,21576.0,0.20517939217053716,1.2056,0.9085,1.1037,1.0266,0.8914,0.7688,1.0955
RFBU50,113,22386.230088495577,10241.551008208153,14304.0,19140.0,40611.99999999999,0.4574933326300148,1.2056,0.9085,1.1037,1.0266,0.8914,0.7688,1.0955
RFBU51,112,20861.41964285714,5376.369366129165,15888.0,20100.0,25630.000000000004,0.25771828850439765,1.2056,0.9085,1.1037,1.0266,0.8914,0.7688,1.0955
RFBU52,106,23102.51886792453,6389.51646912068,16783.0,21620.0,33093.0,0.27657228658264904,1.2056,0.9085,1.1037,1.0266,0.8914,0.7688,1.0955
RFBU53,99,21833.737373737375,5018.967815230902,17248.0,21160.0,25724.0,0.2298721345466007,1.2056,0.9085,1.1037,1.0266,0.8914,0.7688,1.0955
RHAS33,175,19929.068571428572,7310.145378516154,13168.0,17290.0,31964.0,0.3668081803379606,1.2056,0.9085,1.1037,1.0266,0.8914,0.7688,1.0955
RHAS34,180,28525.527777777777,7044.569742288928,17896.0,29690.0,36077.0,0.2469566837524687,1.2056,0.9085,1.1037,1.0266,0.8914,0.7688,1.0955
RHAS35,175,20560.714285714286,8152.077291051498,13504.0,17930.0,31246.0,0.3964880391687371,1.2056,0.9085,1.1037,1.0266,0.8914,0.7688,1.0955
RHAS40,174,19673.988505747126,6091.797953971048,13172.0,18105.0,27855.00000000001,0.3096371613814618,1.2056,0.9085,1.1037,1.0266,0.8914,0.7688,1.0955
RHAS41,175,21559.914285714287,5950.670590876007,14686.2,20480.0,29652.0,0.27600622674177105,1.2056,0.9085,1.1037,1.0266,0.8914,0.7688,1.0955
RHAS43,157,20097.07643312102,5585.056999389371,14952.0,18200.0,29360.0,0.27790395374050075,1.2056,0.9085,1.1037,1.0266,0.8914,0.7688,1.0955
RHAU10,180,22454.727777777778,5091.586804528713,16640.0,22430.0,26610.0,0.22674898822721778,1.2056,0.9085,1.1037,1.0266,0.8914,0.7688,1.0955
RHAU11,177,24557.694915254237,12478.303185275918,15152.0,20360.0,43792.00000000002,0.508121923834346,1.2056,0.9085,1.1037,1.0266,0.8914,0.7688,1.0955
RHAU12,176,22904.346590909092,8222.44340322196,15640.0,20450.0,31970.0,0.35899052481529903,1.2056,0.9085,1.1037,1.0266,0.8914,0.7688,1.0955
RHAU13,177,21558.05649717514,5533.914015083303,14980.0,21620.0,26956.000000000004,0.2566981868615308,1.2056,0.9085,1.1037,1.0266,0.8914,0.7688,1.0955
RHAU14,66,27260.424242424244,8309.426645148002,21230.0,24930.0,39690.0,0.30481648309113224,1.2056,0.9085,1.1037,1.0266,0.8914,0.7688,1.0955
RHAU15,64,24976.75,8498.439813862382,17364.0,23206.5,37477.8,0.3402540288012805,1.2056,0.9085,1.1037,1.0266,0.8914,0.7688,1.0955
RHAU20,176,26141.840909090908,7906.778320817238,18690.0,24510.0,37910.0,0.302456829582634,1.2056,0.9085,1.1037,1.0266,0.8914,0.7688,1.0955
RHAU21,177,22368.581920903955,4115.834418508642,18796.0,22400.0,26176.0,0.1840006860096169,1.2056,0.9085,1.1037,1.0266,0.8914,0.7688,1.0955
RHAU22,176,24263.43181818182,5474.849595941593,18950.0,24070.0,28860.0,0.22564201292576472,1.2056,0.9085,1.1037,1.0266,0.8914,0.7688,1.0955
RHAU23,177,29106.553672316386,10481.953629751024,19068.0,24860.0,44188.00000000001,0.3601234879181366,1.2056,0.9085,1.1037,1.0266,0.8914,0.7688,1.0955
RHAU24,157,24433.732484076434,5856.500705858411,19392.0,23380.0,29972.0,0.23968915554245004,1.2056,0.9085,1.1037,1.0266,0.8914,0.7688,1.0955
RHAU25,111,22228.64864864865,4378.627947508523,15880.0,23360.0,27000.0,0.19698129277753976,1.2056,0.9085,1.1037,1.0266,0.8914,0.7688,1.0955
RHAU26,64,25503.6875,3289.038422102042,21972.0,24770.0,28812.0,0.12896324980856366,1.2056,0.9085,1.1037,1.0266,0.8914,0.7688,1.0955
RHAU50,110,25694.336363636365,15410.254572418295,16559.4,20640.0,40696.00000000002,0.5997529710176711,1.2056,0.9085,1.1037,1.0266,0.8914,0.7688,1.0955
RHAU51,111,30594.855855855854,8331.263593833928,20900.0,29540.0,42500.0,0.27230929385925917,1.2056,0.9085,1.1037,1.0266,0.8914,0.7688,1.0955
RHAU52,108,25022.787037037036,6636.843718440865,18990.2,23533.0,34285.799999999996,0.26523199468618175,1.2056,0.9085,1.1037,1.0266,0.8914,0.7688,1.0955
RHAU53,110,25130.463636363635,8919.841440024555,17301.4,23200.0,38624.00000000001,0.3549413798763981,1.2056,0.9085,1.1037,1.0266,0.8914,0.7688,1.0955
RHBS33,179,20909.368715083798,5110.724530126425,14660.0,21170.0,27498.0,0.24442270829724294,1.2056,0.9085,1.1037,1.0266,0.8914,0.7688,1.0955
RHBS34,179,21060.54748603352,6205.961702559186,14548.0,19900.0,28902.000000000004,0.2946723824095609,1.2056,0.9085,1.1037,1.0266,0.8914,0.7688,1.0955
RHBS35,177,20300.677966101695,8653.47013573301,11612.0,16700.0,33194.0,0.4262650809092521,1.2056,0.9085,1.1037,1.0266,0.8914,0.7688,1.0955
RHBS40,177,18784.666666666668,5505.7020810522445,13512.0,17297.0,26096.0,0.2930955432295264,1.2056,0.9085,1.1037,1.0266,0.8914,0.7688,1.0955
RHBS41,46,16236.673913043478,5641.947181817237,11870.0,15300.0,22700.0,0.34748170789368793,1.2056,0.9085,1.1037,1.0266,0.8914,0.7688,1.0955
RHBS42,166,21460.060240963856,6036.7121983780235,14550.0,20480.0,29907.0,0.2812998719758902,1.2056,0.9085,1.1037,1.0266,0.8914,0.7688,1.0955
RHBS43,159,26692.930817610064,6933.753867690654,17640.0,27320.0,34556.0,0.25975993101200656,1.2056,0.9085,1.1037,1.0266,0.8914,0.7688,1.0955
RHBU10,178,24326.8202247191,6901.043140770466,17280.8,23220.0,34766.0,0.2836804431085548,1.2056,0.9085,1.1037,1.0266,0.8914,0.7688,1.0955
RHBU11,178,18249.612359550563,3792.0661856342317,14108.0,17790.0,22970.0,0.2077888620823078,1.2056,0.9085,1.1037,1.0266,0.8914,0.7688,1.0955
RHBU12,178,21943.078651685395,5181.866169579132,16938.0,21940.0,26666.0,0.23615037123248542,1.2056,0.9085,1.1037,1.0266,0.8914,0.7688,1.0955
RHBU13,179,21835.86592178771,6442.23063939312,15692.0,20680.0,27092.000000000004,0.2950297763536411,1.2056,0.9085,1.1037,1.0266,0.8914,0.7688,1.0955
RHBU14,156,20246.72435897436,4388.361658536416,14266.5,20244.0,25350.0,0.216744278270933,1.2056,0.9085,1.1037,1.0266,0.8914,0.7688,1.0955
RHBU15,24,19657.083333333332,3213.500149392393,15532.0,19674.0,22726.0,0.16347797355791474,1.2056,0.9085,1.1037,1.0266,0.8914,0.7688,1.0955
RHBU16,65,21328.984615384616,4800.076885752415,15612.0,21096.0,26804.4,0.22504947949046367,1.2056,0.9085,1.1037,1.0266,0.8914,0.7688,1.0955
RHBU20,179,20476.162011173183,5534.331446840944,14496.0,19340.0,27140.0,0.2702816789504321,1.2056,0.9085,1.1037,1.0266,0.8914,0.7688,1.0955
RHBU21,178,24898.106741573032,14435.828808742563,15320.0,20250.0,49328.00000000005,0.5797962454967981,1.2056,0.9085,1.1037,1.0266,0.8914,0.7688,1.0955
RHBU22,178,23152.123595505618,5524.634667616181,17168.0,21980.0,30624.000000000004,0.23862323664722682,1.2056,0.9085,1.1037,1.0266,0.8914,0.7688,1.0955
RHBU23,136,20975.022058823528,6281.931867833524,14750.0,19690.0,28950.0,0.2994958408251549,1.2056,0.9085,1.1037,1.0266,0.8914,0.7688,1.0955
RHBU24,157,26542.87261146497,5952.102019052311,20472.0,25800.0,33800.0,0.22424483235779655,1.2056,0.9085,1.1037,1.0266,0.8914,0.7688,1.0955
RHBU25,84,20154.97619047619,5146.102003531565,13874.0,20320.0,26094.000000000004,0.2553266228100655,1.2056,0.9085,1.1037,1.0266,0.8914,0.7688,1.0955
RHBU26,63,21159.365079365078,4051.91148560133,15716.0,21560.0,25756.0,0.19149494658291108,1.2056,0.9085,1.1037,1.0266,0.8914,0.7688,1.0955
RHBU50,114,21851.622807017542,6541.637736255011,15608.0,20880.0,30332.0,0.29936622071630287,1.2056,0.9085,1.1037,1.0266,0.8914,0.7688,1.0955
RHBU51,110,21098.69090909091,4251.367170807235,15882.0,21080.0,25204.0,0.20149909722481527,1.2056,0.9085,1.1037,1.0266,0.8914,0.7688,1.0955
RHBU52,110,24533.19090909091,12317.900965366507,16010.0,19863.0,47704.0,0.5020912693750751,1.2056,0.9085,1.1037,1.0266,0.8914,0.7688,1.0955
RHBU53,112,24434.553571428572,5407.673121750135,19306.0,22960.0,31022.000000000004,0.22131254029021222,1.2056,0.9085,1.1037,1.0266,0.8914,0.7688,1.0955
RMAS33,175,19919.714285714286,5273.792548909437,14896.0,18800.0,28132.0,0.26475241930009075,1.2056,0.9085,1.1037,1.0266,0.8914,0.7688,1.0955
RMAS34,178,26742.505617977527,9719.6181130063,15562.0,25840.0,39843.0,0.36345203594057884,1.2056,0.9085,1.1037,1.0266,0.8914,0.7688,1.0955
RMAS35,178,33335.988764044945,11355.570725786862,18768.0,32950.0,47164.0,0.34063998539724105,1.2056,0.9085,1.1037,1.0266,0.8914,0.7688,1.0955
RMAS40,176,17927.784090909092,4883.236535504737,12960.0,17100.0,25000.0,0.2723837207511302,1.2056,0.9085,1.1037,1.0266,0.8914,0.7688,1.0955
RMAS41,177,23112.429378531073,6153.811390737318,15224.0,23780.0,30908.000000000004,0.2662554978514521,1.2056,0.9085,1.1037,1.0266,0.8914,0.7688,1.0955
RMAS42,176,19697.727272727272,6087.9850248122075,14010.0,17640.0,28930.0,0.3090704293201075,1.2056,0.9085,1.1037,1.0266,0.8914,0.7688,1.0955
RMAU10,177,25380.87570621469,5835.09108816568,19460.0,24720.0,32184.000000000004,0.22990109386717952,1.2056,0.9085,1.1037,1.0266,0.8914,0.7688,1.0955
RMAU11,178,30142.921348314605,8393.281171189115,19834.0,29320.0,41070.00000000001,0.27844949313973555,1.2056,0.9085,1.1037,1.0266,0.8914,0.7688,1.0955
RMAU12,176,22241.136363636364,7582.352658915034,15800.0,20790.0,33180.0,0.3409157038986537,1.2056,0.9085,1.1037,1.0266,0.8914,0.7688,1.0955
RMAU13,95,21481.157894736843,4850.115125450444,16376.0,21300.0,26904.000000000004,0.22578462246854877,1.2056,0.9085,1.1037,1.0266,0.8914,0.7688,1.0955
RMAU14,68,25386.029411764706,5583.286931042136,19654.0,24680.0,31630.00000000001,0.21993541567609862,1.2056,0.9085,1.1037,1.0266,0.8914,0.7688,1.0955
RMAU15,64,22824.6875,4287.564509672498,18270.0,23350.0,26958.000000000004,0.18784767632295069,1.2056,0.9085,1.1037,1.0266,0.8914,0.7688,1.0955
RMAU16,65,22556.615384615383,4273.7828226741485,18608.0,22680.0,25792.0,0.18946915349671914,1.2056,0.9085,1.1037,1.0266,0.8914,0.7688,1.0955
RMAU20,177,31977.401129943504,15063.396032292338,18160.0,26660.0,48808.000000000015,0.4710637981829936,1.2056,0.9085,1.1037,1.0266,0.8914,0.7688,1.0955
RMAU21,177,23078.418079096045,5360.512800405168,18180.0,22540.0,29448.000000000004,0.23227384052205075,1.2056,0.9085,1.1037,1.0266,0.8914,0.7688,1.0955
RMAU22,177,26061.129943502823,7935.176493859515,19472.0,24120.0,37228.0,0.30448320970970777,1.2056,0.9085,1.1037,1.0266,0.8914,0.7688,1.0955
RMAU23,157,30076.624203821655,9019.451935147505,19736.0,28780.0,43268.0,0.2998824560238199,1.2056,0.9085,1.1037,1.0266,0.8914,0.7688,1.0955
RMAU24,66,25120.60606060606,5222.7560890301165,20590.0,24170.0,30080.0,0.20790724859223847,1.2056,0.9085,1.1037,1.0266,0.8914,0.7688,1.0955
RMAU25,60,21066.333333333332,4420.562877981953,15070.0,21020.0,26666.0,0.20984016572961373,1.2056,0.9085,1.1037,1.0266,0.8914,0.7688,1.0955
RMAU50,112,20227.678571428572,3340.8789322417897,17520.0,20160.0,23514.0,0.1651637344564469,1.2056,0.9085,1.1037,1.0266,0.8914,0.7688,1.0955
RMAU51,108,21398.703703703704,4209.078104624251,16820.0,21610.0,24826.0,0.19669780762914812,1.2056,0.9085,1.1037,1.0266,0.8914,0.7688,1.0955
RMAU52,111,33792.07207207207,10189.16511140563,21720.0,32720.0,45020.0,0.3015253130874625,1.2056,0.9085,1.1037,1.0266,0.8914,0.7688,1.0955
RMAU53,113,24189.026548672566,6308.410480773404,17820.0,23160.0,34660.0,0.2607963767404933,1.2056,0.9085,1.1037,1.0266,0.8914,0.7688,1.0955
RMBS32,131,18840.30534351145,6119.633465510985,13520.0,17020.0,27520.0,0.32481604485346466,1.2056,0.9085,1.1037,1.0266,0.8914,0.7688,1.0955
RMBS33,164,17772.19512195122,4683.930242204841,12420.0,17680.0,23362.0,0.26355383845744035,1.2056,0.9085,1.1037,1.0266,0.8914,0.7688,1.0955
RMBS34,179,20916.36312849162,6814.288372993781,15072.0,19400.0,30148.000000000022,0.32578743881681654,1.2056,0.9085,1.1037,1.0266,0.8914,0.7688,1.0955
RMBS35,178,25856.516853932586,8301.459622677568,15616.0,24970.0,35740.0,0.321058697487128,1.2056,0.9085,1.1037,1.0266,0.8914,0.7688,1.0955
RMBS40,179,18800.027932960893,3361.543857509068,15524.0,18480.0,23068.0,0.17880525866748778,1.2056,0.9085,1.1037,1.0266,0.8914,0.7688,1.0955
RMBS41,177,23327.457627118645,6971.008044659375,15676.0,22240.0,33180.0,0.2988327384873453,1.2056,0.9085,1.1037,1.0266,0.8914,0.7688,1.0955
RMBS42,178,19059.213483146068,4205.106587447526,15040.0,18600.0,23462.0,0.22063379431507354,1.2056,0.9085,1.1037,1.0266,0.8914,0.7688,1.0955
RMBS43,178,23521.685393258427,8282.380963921958,15996.0,20240.0,35240.0,0.3521168158424472,1.2056,0.9085,1.1037,1.0266,0.8914,0.7688,1.0955
RMBU10,178,37642.69662921348,16559.117772021316,24044.0,32790.0,62062.000000000015,0.4399025376723471,1.2056,0.9085,1.1037,1.0266,0.8914,0.7688,1.0955
RMBU11,179,24765.754189944135,4296.522616130787,20548.0,24340.0,29708.0,0.1734864435453108,1.2056,0.9085,1.1037,1.0266,0.8914,0.7688,1.0955
RMBU12,179,23807.150837988826,5667.68508266128,19232.0,22980.0,29180.000000000007,0.23806650032297913,1.2056,0.9085,1.1037,1.0266,0.8914,0.7688,1.0955
RMBU13,177,26215.254237288136,5718.083363310548,21472.0,25140.0,32948.0,0.2181204619094345,1.2056,0.9085,1.1037,1.0266,0.8914,0.7688,1.0955
RMBU14,178,25815.786516853932,5524.212416645828,20872.0,24740.0,32170.000000000004,0.21398582658093043,1.2056,0.9085,1.1037,1.0266,0.8914,0.7688,1.0955
RMBU15,63,25932.06349206349,4597.3197516737455,22812.0,25140.0,30272.000000000007,0.17728322133256982,1.2056,0.9085,1.1037,1.0266,0.8914,0.7688,1.0955
RMBU16,63,26617.777777777777,7987.027474931125,19844.0,24860.0,38020.0,0.3000636469960767,1.2056,0.9085,1.1037,1.0266,0.8914,0.7688,1.0955
RMBU20,178,30756.516853932586,8974.690036178245,22508.0,28620.0,43030.0,0.29179799776419496,1.2056,0.9085,1.1037,1.0266,0.8914,0.7688,1.0955
RMBU21,178,27789.044943820223,5332.327979558691,21852.0,26850.0,34198.0,0.19188597486307293,1.2056,0.9085,1.1037,1.0266,0.8914,0.7688,1.0955
RMBU22,178,27833.8202247191,5290.659503199738,22420.0,27690.0,33246.0,0.19008024987174146,1.2056,0.9085,1.1037,1.0266,0.8914,0.7688,1.0955
RMBU23,176,30141.153409090908,9677.102782151853,19970.0,26460.0,45110.0,0.32105947144123326,1.2056,0.9085,1.1037,1.0266,0.8914,0.7688,1.0955
RMBU24,157,26664.33121019108,4517.300259356948,22600.0,26220.0,31736.0,0.16941359690395835,1.2056,0.9085,1.1037,1.0266,0.8914,0.7688,1.0955
RMBU25,64,25637.1875,5031.378197617459,20036.0,25450.0,30332.0,0.19625312634693096,1.2056,0.9085,1.1037,1.0266,0.8914,0.7688,1.0955
RMBU26,64,26074.6875,5699.400405319733,21224.0,25510.0,31894.000000000007,0.2185798163571369,1.2056,0.9085,1.1037,1.0266,0.8914,0.7688,1.0955
RMBU50,115,31435.652173913044,16249.518164539837,19996.0,25040.0,56108.000000000015,0.5169136646073639,1.2056,0.9085,1.1037,1.0266,0.8914,0.7688,1.0955
RMBU51,117,26351.53846153846,5117.974851271677,21580.0,25040.0,31760.0,0.19421920502826226,1.2056,0.9085,1.1037,1.0266,0.8914,0.7688,1.0955
RMBU52,111,28934.594594594593,9378.031173854602,21680.0,26220.0,43020.0,0.3241113727443258,1.2056,0.9085,1.1037,1.0266,0.8914,0.7688,1.0955
RMBU53,98,42224.28571428572,9772.676088878845,27008.0,42530.0,51772.0,0.2314468065844027,1.2056,0.9085,1.1037,1.0266,0.8914,0.7688,1.0955
RTAS33,175,25455.2,7549.716356093866,16600.0,23560.0,36020.0,0.296588373145521,1.2056,0.9085,1.1037,1.0266,0.8914,0.7688,1.0955
RTAS34,178,30475.05617977528,7600.853821143078,19932.0,31990.0,38760.0,0.24941229890783176,1.2056,0.9085,1.1037,1.0266,0.8914,0.7688,1.0955
RTAS35,178,20961.29213483146,7315.602783343735,13554.0,18480.0,30506.000000000004,0.3490053349901731,1.2056,0.9085,1.1037,1.0266,0.8914,0.7688,1.0955
RTAS40,176,16943.75,5155.056061770814,12300.0,15580.0,25740.0,0.30424528582933613,1.2056,0.9085,1.1037,1.0266,0.8914,0.7688,1.0955
RTAS41,176,24277.386363636364,6086.655754412867,16160.0,25230.0,31730.0,0.2507129747512567,1.2056,0.9085,1.1037,1.0266,0.8914,0.7688,1.0955
RTAS42,175,20149.257142857143,5760.773716507871,14080.0,18900.0,28856.0,0.28590501752319186,1.2056,0.9085,1.1037,1.0266,0.8914,0.7688,1.0955
RTAS43,21,22562.380952380954,10325.881030092252,13480.0,20880.0,33240.0,0.4576591917265091,1.2056,0.9085,1.1037,1.0266,0.8914,0.7688,1.0955
RTAU10,177,20938.531073446327,4498.2127878236615,16452.0,21120.0,25376.0,0.2148294344070856,1.2056,0.9085,1.1037,1.0266,0.8914,0.7688,1.0955
RTAU11,178,18143.932584269663,4033.4875400256838,12934.0,18230.0,22776.000000000004,0.2223050334480749,1.2056,0.9085,1.1037,1.0266,0.8914,0.7688,1.0955
RTAU12,176,19150.227272727272,4691.950061181747,15220.0,18060.0,24480.0,0.2450075393028766,1.2056,0.9085,1.1037,1.0266,0.8914,0.7688,1.0955
RTAU13,177,23079.54802259887,6829.753075132584,17020.0,21560.0,32212.000000000004,0.2959223061233727,1.2056,0.9085,1.1037,1.0266,0.8914,0.7688,1.0955
RTAU14,173,20084.71098265896,4105.205420425428,15184.0,19940.0,24552.0,0.20439454787125602,1.2056,0.9085,1.1037,1.0266,0.8914,0.7688,1.0955
RTAU15,63,20436.825396825396,4910.23710924656,16116.0,20320.0,25112.0,0.24026418065935543,1.2056,0.9085,1.1037,1.0266,0.8914,0.7688,1.0955
RTAU16,63,19887.93650793651,4495.5326064058945,14964.0,18580.0,25460.0,0.22604318978049334,1.2056,0.9085,1.1037,1.0266,0.8914,0.7688,1.0955
RTAU20,177,22566.32768361582,6488.367612764939,15604.0,21100.0,31464.0,0.28752430185952627,1.2056,0.9085,1.1037,1.0266,0.8914,0.7688,1.0955
RTAU21,177,29024.06779661017,9305.214896395719,18700.0,29500.0,40980.0,0.3206034027209139,1.2056,0.9085,1.1037,1.0266,0.8914,0.7688,1.0955
RTAU22,177,17779.54802259887,4162.520518541978,12724.0,17560.0,23432.0,0.23411846652407395,1.2056,0.9085,1.1037,1.0266,0.8914,0.7688,1.0955
RTAU23,177,20025.93220338983,5641.374485556387,13336.0,19540.0,25740.0,0.2817034647007074,1.2056,0.9085,1.1037,1.0266,0.8914,0.7688,1.0955
RTAU24,67,19771.940298507463,3968.639274783163,14640.0,19540.0,24800.0,0.20072077979533176,1.2056,0.9085,1.1037,1.0266,0.8914,0.7688,1.0955
RTAU26,66,19430.303030303032,3276.702361872126,16510.0,19180.0,23230.0,0.16863876784432338,1.2056,0.9085,1.1037,1.0266,0.8914,0.7688,1.0955
RTAU50,110,17414.19090909091,3211.576064244838,13888.0,17360.0,20920.0,0.18442292731316423,1.2056,0.9085,1.1037,1.0266,0.8914,0.7688,1.0955
RTAU51,108,18389.62962962963,3243.563842997367,15160.0,18100.0,21952.0,0.17638005268857024,1.2056,0.9085,1.1037,1.0266,0.8914,0.7688,1.0955
RTAU52,112,18944.285714285714,6255.423551568978,13054.0,18070.0,26726.00000000002,0.33020107730173326,1.2056,0.9085,1.1037,1.0266,0.8914,0.7688,1.0955
RTAU53,113,29302.300884955752,11982.249893730423,17548.0,26900.0,45779.99999999999,0.4089183965714546,1.2056,0.9085,1.1037,1.0266,0.8914,0.7688,1.0955
RTBS32,21,18719.04761904762,4957.981348050742,15160.0,17940.0,24540.0,0.2648629058994291,1.2056,0.9085,1.1037,1.0266,0.8914,0.7688,1.0955
RTBS33,178,20020.56179775281,6118.7138819858055,12574.0,19270.0,28120.0,0.3056214877383009,1.2056,0.9085,1.1037,1.0266,0.8914,0.7688,1.0955
RTBS34,181,19057.90055248619,6400.347387364545,12840.0,17280.0,27380.0,0.3358369600962993,1.2056,0.9085,1.1037,1.0266,0.8914,0.7688,1.0955
RTBS35,177,15712.813559322034,4879.733158482842,11152.0,14100.0,23244.0,0.3105575675584729,1.2056,0.9085,1.1037,1.0266,0.8914,0.7688,1.0955
RTBS40,176,17478.31818181818,5972.56068470363,11890.0,15250.0,26590.0,0.34171255051968247,1.2056,0.9085,1.1037,1.0266,0.8914,0.7688,1.0955
RTBS41,176,16120.056818181818,3614.092812020204,12200.0,15520.0,20740.0,0.22419851572383215,1.2056,0.9085,1.1037,1.0266,0.8914,0.7688,1.0955
RTBS42,20,17999.0,5395.7974875189475,13758.0,16480.0,26618.0,0.2997831817055918,1.2056,0.9085,1.1037,1.0266,0.8914,0.7688,1.0955
RTBS43,175,24044.8,6580.357992567339,15488.0,24840.0,31435.999999999996,0.27367073099245326,1.2056,0.9085,1.1037,1.0266,0.8914,0.7688,1.0955
RTBU10,177,19738.19209039548,4035.2071462183508,14536.0,19880.0,24536.000000000004,0.20443651210496958,1.2056,0.9085,1.1037,1.0266,0.8914,0.7688,1.0955
RTBU11,175,18606.85714285714,4487.136000944121,12700.0,18500.0,22976.0,0.24115496596192534,1.2056,0.9085,1.1037,1.0266,0.8914,0.7688,1.0955
RTBU12,178,21233.595505617977,6478.79021056571,14048.0,19940.0,29470.000000000004,0.3051197904213422,1.2056,0.9085,1.1037,1.0266,0.8914,0.7688,1.0955
RTBU13,178,21561.29213483146,9151.78146432006,12208.0,19250.0,35256.0,0.4244542213467671,1.2056,0.9085,1.1037,1.0266,0.8914,0.7688,1.0955
RTBU15,65,20677.23076923077,4837.317020987818,15996.0,20240.0,25364.0,0.23394414247124906,1.2056,0.9085,1.1037,1.0266,0.8914,0.7688,1.0955
RTBU16,64,18127.5,5650.618732801927,11382.0,17790.0,26184.0,0.31171527970221635,1.2056,0.9085,1.1037,1.0266,0.8914,0.7688,1.0955
RTBU20,178,21186.629213483146,5829.288110313302,14294.0,20190.0,29460.000000000004,0.2751399503703756,1.2056,0.9085,1.1037,1.0266,0.8914,0.7688,1.0955
RTBU21,178,20121.567415730337,5950.996196190001,14114.0,18650.0,28096.000000000004,0.29575211877071367,1.2056,0.9085,1.1037,1.0266,0.8914,0.7688,1.0955
RTBU22,177,19724.858757062146,5648.4142090084015,14172.0,18240.0,28836.0,0.2863601853162109,1.2056,0.9085,1.1037,1.0266,0.8914,0.7688,1.0955
RTBU23,158,16653.86075949367,3887.8184285476646,12322.0,16490.0,21536.0,0.23344847688433937,1.2056,0.9085,1.1037,1.0266,0.8914,0.7688,1.0955
RTBU26,66,27936.666666666668,4894.7715695371035,21080.0,29130.0,32840.0,0.17520957771878426,1.2056,0.9085,1.1037,1.0266,0.8914,0.7688,1.0955
RTBU50,112,20526.51785714286,5918.1091315868725,14320.0,19750.0,27992.000000000004,0.288315298911134,1.2056,0.9085,1.1037,1.0266,0.8914,0.7688,1.0955
RTBU51,113,21526.548672566372,6296.760755952152,15284.0,20760.0,29268.0,0.2925113938016827,1.2056,0.9085,1.1037,1.0266,0.8914,0.7688,1.0955
RTBU52,108,28120.98148148148,10886.163460014672,16736.0,29450.0,40448.0,0.387118901492949,1.2056,0.9085,1.1037,1.0266,0.8914,0.7688,1.0955
RTBU53,84,27010.833333333332,15607.321977110252,15226.0,19780.0,52810.0,0.5778171219119582,1.2056,0.9085,1.1037,1.0266,0.8914,0.7688,1.0955
RTBU54,28,19430.35714285714,5459.075679557142,14660.0,18040.0,26021.000000000004,0.2809560132848084,1.2056,0.9085,1.1037,1.0266,0.8914,0.7688,1.0955
RWAS33,178,23048.83146067416,5640.681520581691,17175.0,21840.0,31099.4,0.2447274400962931,1.2056,0.9085,1.1037,1.0266,0.8914,0.7688,1.0955
RWAS34,178,29089.76404494382,8392.355581354836,17330.0,28930.0,38651.00000000001,0.288498578688662,1.2056,0.9085,1.1037,1.0266,0.8914,0.7688,1.0955
RWAS35,175,24002.54857142857,7494.9055683810375,14952.0,23890.0,33438.0,0.3122545735540182,1.2056,0.9085,1.1037,1.0266,0.8914,0.7688,1.0955
RWAS40,177,18564.305084745763,5567.054781523654,13258.8,16977.0,26010.200000000008,0.2998795137286387,1.2056,0.9085,1.1037,1.0266,0.8914,0.7688,1.0955
RWAS41,177,23548.29943502825,6479.982705122972,16464.0,22040.0,32012.0,0.27517837213688373,1.2056,0.9085,1.1037,1.0266,0.8914,0.7688,1.0955
RWAS42,171,20018.233918128655,5308.271781819986,14740.0,18380.0,26697.0,0.26517183301633707,1.2056,0.9085,1.1037,1.0266,0.8914,0.7688,1.0955
RWAS43,21,17027.619047619046,6605.8087353191695,12560.0,15780.0,26560.0,0.38794670686756133,1.2056,0.9085,1.1037,1.0266,0.8914,0.7688,1.0955
RWAU10,174,23836.902298850575,4466.538667971008,18482.0,23940.0,27890.000000000007,0.18737915740781413,1.2056,0.9085,1.1037,1.0266,0.8914,0.7688,1.0955
RWAU11,175,20985.66857142857,5113.588995828608,15712.0,20060.0,27127.2,0.24367053060156604,1.2056,0.9085,1.1037,1.0266,0.8914,0.7688,1.0955
RWAU12,176,24923.153409090908,6064.72598125915,19620.0,23420.0,34378.0,0.24333702408006666,1.2056,0.9085,1.1037,1.0266,0.8914,0.7688,1.0955
RWAU13,176,21484.198863636364,4204.107856465948,16110.0,21827.0,26180.0,0.19568371542034643,1.2056,0.9085,1.1037,1.0266,0.8914,0.7688,1.0955
RWAU14,158,22194.8417721519,4899.796980744353,17648.8,21430.0,28129.000000000004,0.2207628705374318,1.2056,0.9085,1.1037,1.0266,0.8914,0.7688,1.0955
RWAU15,65,20652.830769230768,4454.9243384751735,14899.6,20800.0,24780.0,0.21570526521295372,1.2056,0.9085,1.1037,1.0266,0.8914,0.7688,1.0955
RWAU16,63,22018.04761904762,6127.189029312028,16432.8,21536.0,29122.40000000001,0.2782803060163904,1.2056,0.9085,1.1037,1.0266,0.8914,0.7688,1.0955
RWAU20,177,23124.898305084746,6860.017578069138,16048.000000000002,22520.0,28316.0,0.296650713337872,1.2056,0.9085,1.1037,1.0266,0.8914,0.7688,1.0955
RWAU21,176,27943.551136363636,9309.29321531977,19330.0,24390.0,40054.0,0.33314639109004857,1.2056,0.9085,1.1037,1.0266,0.8914,0.7688,1.0955
RWAU22,178,24126.629213483146,4947.7226591087465,19388.0,23930.0,28302.000000000007,0.20507310056987638,1.2056,0.9085,1.1037,1.0266,0.8914,0.7688,1.0955
RWAU23,156,22702.391025641027,3807.9487977272606,19000.0,22370.0,25860.0,0.16773338074506797,1.2056,0.9085,1.1037,1.0266,0.8914,0.7688,1.0955
RWAU24,176,26078.653409090908,8879.835699206518,18350.0,23640.0,39180.0,0.34050207884242384,1.2056,0.9085,1.1037,1.0266,0.8914,0.7688,1.0955
RWAU25,123,21710.455284552845,5400.135048784918,17364.0,21180.0,25224.0,0.24873430695058502,1.2056,0.9085,1.1037,1.0266,0.8914,0.7688,1.0955
RWAU26,64,23345.46875,3161.1733855660495,18390.600000000002,23650.0,27112.0,0.1354084349052126,1.2056,0.9085,1.1037,1.0266,0.8914,0.7688,1.0955
RWAU50,110,20685.836363636365,6468.909810633867,15232.0,19913.0,24928.0,0.3127216950244064,1.2056,0.9085,1.1037,1.0266,0.8914,0.7688,1.0955
RWAU51,109,24361.119266055044,6834.815039526147,18792.0,22960.0,32360.0,0.28056243906041817,1.2056,0.9085,1.1037,1.0266,0.8914,0.7688,1.0955
RWAU52,111,24786.117117117115,11788.370440040193,16200.0,20560.0,47600.0,0.4756037577139999,1.2056,0.9085,1.1037,1.0266,0.8914,0.7688,1.0955
RWAU53,93,32548.344086021505,9652.895782562531,19676.0,34500.0,43388.0,0.2965710254583473,1.2056,0.9085,1.1037,1.0266,0.8914,0.7688,1.0955
RWBS33,177,23866.926553672318,7470.868529907744,15432.0,22720.0,33328.0,0.3130218092014126,1.2056,0.9085,1.1037,1.0266,0.8914,0.7688,1.0955
RWBS34,180,22312.9,7118.671810631955,15141.0,19870.0,31873.0,0.3190383953063902,1.2056,0.9085,1.1037,1.0266,0.8914,0.7688,1.0955
RWBS35,182,31045.137362637364,13414.999823024431,14146.0,31795.0,45978.200000000004,0.4321127546103018,1.2056,0.9085,1.1037,1.0266,0.8914,0.7688,1.0955
RWBS40,177,20278.706214689264,5999.000925686007,13536.0,18857.0,28542.200000000004,0.2958275967990757,1.2056,0.9085,1.1037,1.0266,0.8914,0.7688,1.0955
RWBS41,177,20204.112994350282,5624.119640067775,14392.0,19100.0,29147.4,0.2783650854477234,1.2056,0.9085,1.1037,1.0266,0.8914,0.7688,1.0955
RWBS42,31,15113.870967741936,3196.3298509586007,12640.0,14600.0,17460.0,0.2114832035936154,1.2056,0.9085,1.1037,1.0266,0.8914,0.7688,1.0955
RWBS43,177,23556.485875706214,6572.818360064548,15620.0,24118.0,32142.800000000003,0.27902372173614787,1.2056,0.9085,1.1037,1.0266,0.8914,0.7688,1.0955
RWBU10,177,23149.19209039548,5175.052934220339,17604.0,23240.0,28032.000000000004,0.22355220493277822,1.2056,0.9085,1.1037,1.0266,0.8914,0.7688,1.0955
RWBU11,178,20229.76404494382,4858.669419870144,14696.0,19700.0,24912.0,0.24017430005984222,1.2056,0.9085,1.1037,1.0266,0.8914,0.7688,1.0955
RWBU12,177,23314.45197740113,8677.619770081032,16191.2,21760.0,33068.00000000001,0.3721991740784777,1.2056,0.9085,1.1037,1.0266,0.8914,0.7688,1.0955
RWBU13,166,20510.030120481926,4576.189149545787,15185.0,20490.0,25640.0,0.2231195723586904,1.2056,0.9085,1.1037,1.0266,0.8914,0.7688,1.0955
RWBU14,143,23573.405594405594,5685.121480037642,17968.0,22608.0,31502.399999999998,0.24116674433272495,1.2056,0.9085,1.1037,1.0266,0.8914,0.7688,1.0955
RWBU15,28,20398.85714285714,7181.079593416587,15444.0,19050.0,33369.8,0.3520334273202708,1.2056,0.9085,1.1037,1.0266,0.8914,0.7688,1.0955
RWBU16,63,23779.95238095238,6237.525045340037,18180.0,22680.0,33708.8,0.2623018307781079,1.2056,0.9085,1.1037,1.0266,0.8914,0.7688,1.0955
RWBU20,179,24881.4469273743,7304.211055015621,18292.0,23180.0,36128.00000000001,0.29356054237262247,1.2056,0.9085,1.1037,1.0266,0.8914,0.7688,1.0955
RWBU21,178,22372.280898876405,4640.071978520136,17810.0,21750.0,28461.800000000007,0.20740272301664034,1.2056,0.9085,1.1037,1.0266,0.8914,0.7688,1.0955
RWBU22,178,26048.904494382023,8360.244961464105,18336.0,23323.0,38428.000000000015,0.320944205667734,1.2056,0.9085,1.1037,1.0266,0.8914,0.7688,1.0955
RWBU23,178,22404.53370786517,6178.370600612944,16240.0,21220.0,32114.000000000004,0.2757643020458851,1.2056,0.9085,1.1037,1.0266,0.8914,0.7688,1.0955
RWBU24,153,24131.496732026142,7580.46081706135,16540.0,22320.0,36364.00000000001,0.31413139853032546,1.2056,0.9085,1.1037,1.0266,0.8914,0.7688,1.0955
RWBU25,124,21884.475806451614,6703.425631312089,15538.0,20950.0,31930.000000000004,0.30630962745454005,1.2056,0.9085,1.1037,1.0266,0.8914,0.7688,1.0955
RWBU26,66,25322.575757575756,5210.263454318146,21210.0,23950.0,32273.0,0.20575566657192806,1.2056,0.9085,1.1037,1.0266,0.8914,0.7688,1.0955
RWBU50,114,19291.798245614034,4847.751428723131,14862.0,18510.0,23460.0,0.2512856171832121,1.2056,0.9085,1.1037,1.0266,0.8914,0.7688,1.0955
RWBU51,111,22432.900900900902,4487.2553242082795,18720.0,21940.0,26620.0,0.20003009615346146,1.2056,0.9085,1.1037,1.0266,0.8914,0.7688,1.0955
RWBU52,112,24333.133928571428,6903.986483205186,17362.0,23030.0,33386.0,0.28372779698132833,1.2056,0.9085,1.1037,1.0266,0.8914,0.7688,1.0955
RWBU53,110,27740.872727272726,10349.178395000394,17698.0,24050.0,42384.00000000001,0.3730660710189505,1.2056,0.9085,1.1037,1.0266,0.8914,0.7688,1.0955
RWBU54,42,21857.595238095237,5221.115295579371,16141.4,21640.0,26138.0,0.2388696120824663,1.2056,0.9085,1.1037,1.0266,0.8914,0.7688,1.0955
SPEC PROJCT,62,440.80645161290323,283.71249813330144,124.00000000000003,420.0,736.0,0.6436214739943172,1.2056,0.9085,1.1037,1.0266,0.8914,0.7688,1.0955
