instance,method,seed,n_vehicles,E_cost,E_fuel,E_emission,E_recourse,CVaR_cost,worst_cost,P_late,E_late_min,P_overload,E_overload_m3,missed_nodes,infeas_speed_arcs,tau_mean,tau_std,secs
nyc_manhattan,D-HGLS,1,8,47.16670928986877,38.65558202772016,91.22717358541958,8.511127262148614,50.958234024262005,51.75966533492187,0.0,0.0,0.05,0.0180636310743069,0.0,16.95,,,2.1
nyc_manhattan,PTO-HGLS,1,8,47.16670928986877,38.65558202772016,91.22717358541958,8.511127262148614,50.958234024262005,51.75966533492187,0.0,0.0,0.05,0.0180636310743069,0.0,16.95,,,2.1
nyc_manhattan,Q-HGLS,1,9,48.50107766584894,40.77607766584894,96.2315432914035,7.725,52.66515387932889,53.46382282588455,0.0,0.0,0.0,0.0,0.0,15.45,,,2.2
nyc_manhattan,RO-Eco,1,16,58.19443507697324,46.39443507697324,109.49086678165683,11.8,61.82508045609509,62.91034964632397,0.0,0.0,0.0,0.0,0.0,23.6,,,2.3
nyc_manhattan,S-HGLS,1,8,44.52870730083264,35.266524914963064,83.22899879931283,9.262182385869584,49.54949260271913,51.455863487296696,0.0,0.0,0.25,0.2435911929347908,0.0,17.55,,,2.0
nyc_manhattan,LA-SHGLS,1,7,42.61450323566076,34.192592094982764,80.69451734415931,8.421911140677995,46.97246995370583,47.76749672210957,0.0,0.0,0.15,0.0734555703389982,0.0,16.55,,,2.0
nyc_manhattan,D-HGLS,2,7,49.38494252265679,40.3855023404689,95.30978552350662,8.99944018218789,53.75019158310828,54.33565627314565,0.0,0.0,0.6,0.537220091093945,0.0,15.85,,,2.0
nyc_manhattan,PTO-HGLS,2,7,49.38494252265679,40.3855023404689,95.30978552350662,8.99944018218789,53.75019158310828,54.33565627314565,0.0,0.0,0.6,0.537220091093945,0.0,15.85,,,2.0
nyc_manhattan,Q-HGLS,2,9,50.98856294215399,41.138562942154,97.08700854348344,9.85,53.43021105837415,53.7406203072841,0.0,0.0,0.0,0.0,0.0,19.7,,,2.1
nyc_manhattan,RO-Eco,2,14,57.878979263310825,48.95397926331082,115.5313910614135,8.925,61.216686017762015,61.49169215445611,0.0,0.0,0.0,0.0,0.0,17.85,,,2.2
nyc_manhattan,S-HGLS,2,7,47.90214780674837,38.56337980184074,91.0095763323441,9.338768004907635,52.85001126400519,53.28962899626031,0.0,0.0,0.35,0.2693840024538176,0.0,17.6,,,1.9
nyc_manhattan,LA-SHGLS,2,7,47.89033375258413,37.074246976515695,87.49522286457703,10.816086776068438,51.0443812074259,51.0958410196027,0.0,0.0,0.55,0.6205433880342197,0.0,19.15,,,1.9
nyc_manhattan,D-HGLS,3,8,46.56914689137794,36.968372938978895,87.24536013599018,9.600773952399049,48.72830309101624,49.05959114528556,0.0,0.0,0.05,0.0128869761995242,0.0,19.15,,,2.0
nyc_manhattan,PTO-HGLS,3,8,46.56914689137794,36.968372938978895,87.24536013599018,9.600773952399049,48.72830309101624,49.05959114528556,0.0,0.0,0.05,0.0128869761995242,0.0,19.15,,,2.0
nyc_manhattan,Q-HGLS,3,10,53.453604107698894,42.90360410769889,101.2525056941694,10.55,56.47189019188883,57.22193220730449,0.0,0.0,0.0,0.0,0.0,21.1,,,2.0
nyc_manhattan,RO-Eco,3,12,60.01066293157661,48.71066293157661,114.9571645185208,11.3,63.314903403123125,64.09361517306408,0.0,0.0,0.0,0.0,0.0,22.6,,,2.1
nyc_manhattan,S-HGLS,3,7,48.988055967500806,37.92141699517791,89.49454410861988,11.066638972322892,52.34156954803424,52.96341230538687,0.0,0.0,0.3,0.1708194861614463,0.0,21.45,,,1.8
nyc_manhattan,LA-SHGLS,3,7,46.15692638685017,35.546884673151816,83.89064782863828,10.610041713698347,49.66562916002587,50.541866514774185,0.0,0.0,0.1,0.0425208568491744,0.0,21.05,,,1.8
nyc_queens,D-HGLS,1,4,46.19934088417872,40.853458388021394,96.4141617957305,5.345882496157323,54.6391002568848,54.77300116927401,0.0,0.0,0.65,0.835441248078661,0.0,7.35,,,1.0
nyc_queens,PTO-HGLS,1,4,46.19934088417872,40.853458388021394,96.4141617957305,5.345882496157323,54.6391002568848,54.77300116927401,0.0,0.0,0.65,0.835441248078661,0.0,7.35,,,1.0
nyc_queens,Q-HGLS,1,5,49.09376849315297,45.024921521802256,106.2588147914533,4.068846971350713,52.80638777376198,53.59151452414751,0.0,0.0,0.05,0.0219234856753566,0.0,8.05,,,1.1
nyc_queens,RO-Eco,1,6,51.1159397486952,46.34093974869519,109.36461780692063,4.775,54.79498458828114,55.75429516022993,0.0,0.0,0.0,0.0,0.0,9.55,,,1.1
nyc_queens,S-HGLS,1,4,44.73617647777916,40.362295169815845,95.25501660076536,4.373881307963323,49.647090626839486,49.985393992883154,0.0,0.0,0.1,0.0369406539816616,0.0,8.6,,,1.0
nyc_queens,LA-SHGLS,1,4,46.53253391808609,41.9546612101518,99.01300045595822,4.577872707934297,50.98795643837274,51.39662994174517,0.0,0.0,0.15,0.1389363539671484,0.0,8.6,,,1.0
nyc_queens,D-HGLS,2,4,43.900088996743285,40.26492146356525,95.025214654014,3.6351675331780298,49.45530566396579,49.78446528210717,0.0,0.0,0.25,0.0550837665890148,0.0,7.05,,,1.1
nyc_queens,PTO-HGLS,2,4,43.900088996743285,40.26492146356525,95.025214654014,3.6351675331780298,49.45530566396579,49.78446528210717,0.0,0.0,0.25,0.0550837665890148,0.0,7.05,,,1.1
nyc_queens,Q-HGLS,2,4,43.25935327058958,39.90935327058958,94.18607371859142,3.35,48.16343338996211,48.90648025998413,0.0,0.0,0.0,0.0,0.0,6.7,,,1.1
nyc_queens,RO-Eco,2,6,55.68818868453379,51.28818868453379,121.04012529549976,4.4,60.47107764187725,60.54081495469272,0.0,0.0,0.0,0.0,0.0,8.8,,,1.1
nyc_queens,S-HGLS,2,4,44.770081331565535,40.83353167339926,96.36713474922225,3.936549658166287,50.679923453065165,52.26841416848886,0.0,0.0,0.35,0.3307748290831434,0.0,6.55,,,1.0
nyc_queens,LA-SHGLS,2,4,43.36718773322544,40.6339627934167,95.89615219246345,2.733224939808744,48.68402948399546,50.31504790936692,0.0,0.0,0.1,0.041612469904372,0.0,5.3,,,1.0
nyc_queens,D-HGLS,3,4,46.1852890605433,41.24910058639403,97.34787738388992,4.936188474149278,50.85917974748484,52.40199239121169,0.0,0.0,0.3,0.3430942370746387,0.0,8.5,,,1.1
nyc_queens,PTO-HGLS,3,4,46.1852890605433,41.24910058639403,97.34787738388992,4.936188474149278,50.85917974748484,52.40199239121169,0.0,0.0,0.3,0.3430942370746387,0.0,8.5,,,1.1
nyc_queens,Q-HGLS,3,5,45.704148533413935,42.12914853341393,99.42479053885688,3.575,49.144843919323975,49.23600011840499,0.0,0.0,0.0,0.0,0.0,7.15,,,1.1
nyc_queens,RO-Eco,3,7,49.91819991700644,46.89319991700644,110.6679518041352,3.025,53.51825829001966,54.01343853683618,0.0,0.0,0.0,0.0,0.0,6.05,,,1.1
nyc_queens,S-HGLS,3,4,42.5835670516919,39.57034450656809,93.3860130355007,3.013222545123809,46.21806494878616,47.14634553193004,0.0,0.0,0.2,0.1691112725619047,0.0,5.35,,,1.0
nyc_queens,LA-SHGLS,3,4,44.0190381933822,41.11220350365822,97.0248002686334,2.9068346897239827,48.07307155525292,49.03524669159541,0.0,0.0,0.05,0.0159173448619914,0.0,5.75,,,1.0
nyc_brooklyn,D-HGLS,1,5,31.85953185884224,28.605806793487737,67.50970403263105,3.253725065354496,39.81204638136516,44.8555382474953,0.0,0.0,0.4,0.7143625326772477,0.0,3.65,,,1.1
nyc_brooklyn,PTO-HGLS,1,5,31.85953185884224,28.605806793487737,67.50970403263105,3.253725065354496,39.81204638136516,44.8555382474953,0.0,0.0,0.4,0.7143625326772477,0.0,3.65,,,1.1
nyc_brooklyn,Q-HGLS,1,7,33.37801043013888,30.93695207125109,73.01120688815257,2.441058358887786,38.574569638342886,41.9180908615767,0.0,0.0,0.05,0.1455291794438932,0.0,4.3,,,1.2
nyc_brooklyn,RO-Eco,1,10,36.549110161569175,34.37435231703826,81.12347146821028,2.174757844530916,39.24453625386135,40.02501285141733,0.0,0.0,0.05,0.062378922265458,0.0,4.1,,,1.2
nyc_brooklyn,S-HGLS,1,6,32.85056329982123,30.769014973216105,72.61487533678999,2.0815483266051222,39.980918565493496,45.04601883653009,0.0,0.0,0.05,0.2407741633025612,0.0,3.2,,,1.1
nyc_brooklyn,LA-SHGLS,1,6,31.66561330634313,29.655419262675046,69.98678945991313,2.0101940436680747,37.82659861352711,42.359478302747576,0.0,0.0,0.05,0.2550970218340375,0.0,3.0,,,1.1
nyc_brooklyn,D-HGLS,2,5,33.95041731228308,30.5337849782102,72.05973254857604,3.416632334072878,37.856487440150005,38.12284512554646,0.0,0.0,0.7,0.6458161670364392,0.0,4.25,,,1.1
nyc_brooklyn,PTO-HGLS,2,5,33.95041731228308,30.5337849782102,72.05973254857604,3.416632334072878,37.856487440150005,38.12284512554646,0.0,0.0,0.7,0.6458161670364392,0.0,4.25,,,1.1
nyc_brooklyn,Q-HGLS,2,5,32.74935623763353,31.06267144072205,73.30790460010402,1.6866847969114702,35.43375800612213,35.573521269860535,0.0,0.0,0.1,0.0933423984557349,0.0,3.0,,,1.1
nyc_brooklyn,RO-Eco,2,9,37.26311013189742,35.413110131897426,83.57493991127792,1.85,38.917434444385066,39.41871513613437,0.0,0.0,0.0,0.0,0.0,3.7,,,1.2
nyc_brooklyn,S-HGLS,2,5,31.50820103732383,30.121856387298955,71.08758107402552,1.3863446500248744,34.05804221958294,34.71585010759277,0.0,0.0,0.1,0.0681723250124371,0.0,2.5,,,1.0
nyc_brooklyn,LA-SHGLS,2,6,32.27532760402896,29.345600068610377,69.2556161619205,2.9297275354185817,35.81389615126395,36.87181276960954,0.0,0.0,0.7,0.7273637677092909,0.0,2.95,,,1.0
nyc_brooklyn,D-HGLS,3,7,34.80235258465744,31.95197625139217,75.40666395328552,2.8503763332652774,45.60936246589466,46.140297805293415,0.0,0.0,0.15,0.6751881666326388,0.0,3.0,,,1.2
nyc_brooklyn,PTO-HGLS,3,7,34.80235258465744,31.95197625139217,75.40666395328552,2.8503763332652774,45.60936246589466,46.140297805293415,0.0,0.0,0.15,0.6751881666326388,0.0,3.0,,,1.2
nyc_brooklyn,Q-HGLS,3,7,34.41796087659418,32.223070536092976,76.04644646517941,2.194890340501204,36.573949516137816,36.61322361934329,0.0,0.0,0.05,0.0224451702506017,0.0,4.3,,,1.2
nyc_brooklyn,RO-Eco,3,10,34.106917975100195,32.44033748268864,76.55919645914517,1.6665804924115537,36.533947066687205,36.56325663717973,0.0,0.0,0.05,0.0207902462057768,0.0,3.25,,,1.2
nyc_brooklyn,S-HGLS,3,6,30.972520304669985,28.17940761754726,66.50340197741153,2.7931126871227256,40.88331757607104,42.6494673788894,0.0,0.0,0.25,0.6465563435613629,0.0,3.0,,,1.1
nyc_brooklyn,LA-SHGLS,3,6,32.81057681151267,30.45436329463957,71.87229737534939,2.356213516873102,38.76333037904148,41.60878105995359,0.0,0.0,0.4,0.4156067584365508,0.0,3.05,,,1.1
dublin_real,D-HGLS,1,14,97.79236005719454,80.76304545190649,190.60078726649925,17.029314605288068,106.24997242918876,106.61708664869003,0.0,0.0,0.9,1.939657302644034,0.0,26.3,,,3.3
dublin_real,PTO-HGLS,1,14,97.79236005719454,80.76304545190649,190.60078726649925,17.029314605288068,106.24997242918876,106.61708664869003,0.0,0.0,0.9,1.939657302644034,0.0,26.3,,,3.3
dublin_real,Q-HGLS,1,14,104.5379819913522,92.12629678556983,217.4180604139448,12.411685205782389,111.09432729034276,111.71111227499723,0.0,0.0,0.3,0.3933426028911939,0.0,23.25,,,3.3
dublin_real,RO-Eco,1,20,122.88334713639162,109.10834713639164,257.4956992418842,13.775,128.99139902761425,130.3206621189419,0.0,0.0,0.0,0.0,0.0,27.55,,,3.4
dublin_real,S-HGLS,1,14,92.8857648457164,82.3064910607566,194.2433189033856,10.579273784959812,99.32235682053064,100.75850699518492,0.0,0.0,0.55,0.8771368924799061,0.0,17.65,,,3.0
dublin_real,LA-SHGLS,1,13,91.9564378509498,81.03170024861367,191.23481258672828,10.924737602336137,100.42141782014411,102.2816066566154,0.0,0.0,0.75,1.4498688011680687,0.0,16.05,,,3.0
dublin_real,D-HGLS,2,12,95.6371553910054,81.04112006496419,191.2570433533155,14.596035326041209,104.78822590117692,105.22717120187804,0.0,0.0,1.0,2.935517663020604,0.0,17.45,,,3.2
dublin_real,PTO-HGLS,2,12,95.6371553910054,81.04112006496419,191.2570433533155,14.596035326041209,104.78822590117692,105.22717120187804,0.0,0.0,1.0,2.935517663020604,0.0,17.45,,,3.2
dublin_real,Q-HGLS,2,15,104.8461144863452,90.89887945713514,214.5213555188389,13.94723502921008,112.1512892700964,112.1717902639725,0.0,0.0,0.75,1.7736175146050406,0.0,20.8,,,3.3
dublin_real,RO-Eco,2,21,123.70185877039007,111.26703483263444,262.5902022050173,12.43482393775562,127.76338404641854,128.42481125451883,0.0,0.0,0.05,0.0049119688778095,0.0,24.85,,,3.5
dublin_real,S-HGLS,2,12,101.2000909892624,90.01577421449818,212.4372271462157,11.184316774764197,108.51838105260096,108.67662153653468,0.0,0.0,0.9,2.0171583873820977,0.0,14.3,,,3.0
dublin_real,LA-SHGLS,2,12,88.40962768564705,78.85449583562516,186.09661017207537,9.555131850021912,96.68072962252565,97.66405615666552,0.0,0.0,0.7,1.8400659250109548,0.0,11.75,,,3.0
dublin_real,D-HGLS,3,12,102.41986824180628,88.26350225732999,208.3018653272988,14.156365984476292,114.3060924840638,118.40327714798543,0.0,0.0,0.9,2.540682992238147,0.0,18.15,,,5.3
dublin_real,PTO-HGLS,3,12,102.41986824180628,88.26350225732999,208.3018653272988,14.156365984476292,114.3060924840638,118.40327714798543,0.0,0.0,0.9,2.540682992238147,0.0,18.15,,,5.6
dublin_real,Q-HGLS,3,16,113.90345572143416,102.03947275596384,240.81315570407463,11.863982965470338,120.12402538020814,122.8684606279356,0.0,0.0,0.15,0.3694914827351697,0.0,22.25,,,5.7
dublin_real,RO-Eco,3,19,129.53653504262326,115.73303522051113,273.12996312040616,13.803499822112116,133.7349432925564,134.02762036170728,0.0,0.0,0.1,0.2017499110560586,0.0,26.8,,,5.5
dublin_real,S-HGLS,3,12,102.02606086675615,91.3202360721071,215.5157571301728,10.705824794649082,115.44416202126538,116.91533329114216,0.0,0.0,0.85,2.5529123973245404,0.0,11.2,,,4.6
dublin_real,LA-SHGLS,3,13,96.07401883923852,84.58705553396904,199.62545106016685,11.486963305269503,112.8018233775014,114.22128768053916,0.0,0.0,0.9,2.843481652634752,0.0,11.6,,,4.7
peshawar_real,D-HGLS,1,18,99.70362337929647,82.14117158151421,193.8531649323736,17.562451797782266,113.85581208890945,119.48208310865044,0.65,2.4552714683015155,0.85,3.394844112183595,0.0,21.3,,,4.3
peshawar_real,PTO-HGLS,1,18,99.70362337929647,82.14117158151421,193.8531649323736,17.562451797782266,113.85581208890945,119.48208310865044,0.65,2.4552714683015155,0.85,3.394844112183595,0.0,21.3,,,4.1
peshawar_real,Q-HGLS,1,21,111.0715925594939,98.4673140989036,232.3828612734125,12.60427846059031,120.05163023342092,122.45926365558616,1.0,10.68630515110117,0.25,0.4849816015176253,0.0,22.2,,,4.6
peshawar_real,RO-Eco,1,28,138.29538398249198,124.38017611072289,293.537215621306,13.91520787176912,145.74279352448224,146.2309268272735,0.75,3.140102812132062,0.1,0.0791013655812591,0.0,27.2,,,4.4
peshawar_real,S-HGLS,1,18,93.41256698228328,79.74680393544322,188.202457287646,13.665763046840048,106.04560992388244,106.98222029102648,0.0,0.0,0.8,2.982881523420024,0.0,15.4,,,4.1
peshawar_real,LA-SHGLS,1,18,93.45640765807892,81.4527066639011,192.22838772680657,12.003700994177812,106.91808343842024,107.3351430643103,0.7,1.5607039617317526,0.8,2.587832898045612,0.0,13.5,,,4.1
peshawar_real,D-HGLS,2,18,96.99039856296136,83.21185223492746,196.3799712744288,13.778546328033874,112.98815660892424,114.30346995145658,1.0,9.860500165437845,0.75,2.705260659880991,0.0,15.75,,,4.3
peshawar_real,PTO-HGLS,2,18,96.99039856296136,83.21185223492746,196.3799712744288,13.778546328033874,112.98815660892424,114.30346995145658,1.0,9.860500165437845,0.75,2.705260659880991,0.0,15.75,,,3.8
peshawar_real,Q-HGLS,2,18,100.97301780439692,86.17645152114521,203.37642558990268,14.796566283251716,114.02338205226046,116.76752920809808,0.55,1.4203550948161023,0.8,2.300274264255456,0.0,20.25,,,3.8
peshawar_real,RO-Eco,2,27,133.95859686792022,118.96975528148036,280.7686224642937,14.988841586439875,143.2342703939862,145.25424111293052,1.0,16.149974166630546,0.3,0.5781714390541743,0.0,26.05,,,4.1
peshawar_real,S-HGLS,2,18,94.9984308523784,83.62385969489291,197.3523088799473,11.374571157485487,109.16583597990962,111.0843975707268,1.0,7.74898566651442,0.9,2.406060937079885,0.0,12.35,,,3.5
peshawar_real,LA-SHGLS,2,18,93.36797825985396,81.37489161609707,192.0447442139891,11.993086643756884,105.07052315964496,105.4126707983903,1.0,20.387788249916337,0.75,2.711848615630533,0.0,11.1,,,3.4
peshawar_real,D-HGLS,3,18,98.48264320156512,82.71948563310352,195.2179860941243,15.763157568461583,106.66950288511804,107.29338489209582,1.0,13.912685185292384,1.0,3.2212616545984822,0.0,17.25,,,3.9
peshawar_real,PTO-HGLS,3,18,98.48264320156512,82.71948563310352,195.2179860941243,15.763157568461583,106.66950288511804,107.29338489209582,1.0,13.912685185292384,1.0,3.2212616545984822,0.0,17.25,,,3.8
peshawar_real,Q-HGLS,3,21,109.1864483672908,96.06392554040728,226.7108642753611,13.122522826883548,118.62218453096249,120.25895297063607,0.0,0.0,0.5,0.7487614134417737,0.0,23.25,,,3.8
peshawar_real,RO-Eco,3,28,133.2388437087408,118.95011895392722,280.72228073126826,14.288724754813591,142.27325820102092,143.58821306846505,0.0,0.0,0.1,0.231862377406795,0.0,27.65,,,4.0
peshawar_real,S-HGLS,3,18,95.09502287395388,83.63181225404331,197.37107691954225,11.463210619910535,104.73324455568589,104.7667361802979,1.0,14.746010013232643,0.7,1.6129550596244524,0.0,15.0,,,3.6
peshawar_real,LA-SHGLS,3,18,90.9842753148094,81.56619709309027,192.496225139693,9.41807822171915,100.63094379419395,102.11247533245296,0.5,1.6463907975809433,0.7,1.9553793409200508,0.0,10.85,,,3.6
solomon_c101,D-HGLS,1,25,552.9167940656416,528.9686468790463,1248.3660066345494,23.948147186595328,636.246397867483,682.9787732751413,1.0,39.886685091409255,0.1,4.139406466012432,0.0,27.35,,,4.0
solomon_c101,PTO-HGLS,1,25,552.9167940656416,528.9686468790463,1248.3660066345494,23.948147186595328,636.246397867483,682.9787732751413,1.0,39.886685091409255,0.1,4.139406466012432,0.0,27.35,,,3.9
solomon_c101,Q-HGLS,1,24,642.5725833142586,561.2048429925699,1324.4434294624648,81.36774032168861,694.9630937042159,738.6947867594931,1.0,1239.13289601412,0.05,2.655547760491319,0.0,28.2,,,4.0
solomon_c101,RO-Eco,1,27,620.3572221965405,568.2159720160851,1340.9896939579608,52.14125018045543,635.7064530677094,639.3673004541117,1.0,724.8250036091084,0.0,0.0,0.0,31.8,,,4.0
solomon_c101,S-HGLS,1,24,566.6093875848344,541.8464197517794,1278.7575506141995,24.76296783305508,649.6956922012406,696.3042933783594,1.0,42.18309802060439,0.1,4.139406466012432,0.0,28.75,,,3.7
solomon_c101,LA-SHGLS,1,25,586.1589926186128,563.1581546830721,1329.05324505205,23.00083793554083,671.8136131570673,717.9021609651146,1.0,43.44050007031934,0.1,4.139406466012432,0.0,25.1,,,3.7
solomon_c101,D-HGLS,2,23,582.9162509356897,534.0445277335635,1260.34508545121,48.87172320212623,743.8792096310395,830.2762158940782,1.0,113.30876110795398,0.5,15.790642573364266,0.0,23.25,,,3.9
solomon_c101,PTO-HGLS,2,23,582.9162509356897,534.0445277335635,1260.34508545121,48.87172320212623,743.8792096310395,830.2762158940782,1.0,113.30876110795398,0.5,15.790642573364266,0.0,23.25,,,3.8
solomon_c101,Q-HGLS,2,24,556.1293705915581,523.0472331272313,1234.3914701802655,33.082137464327104,618.7892213601517,671.6115951166087,1.0,310.7154979922394,0.05,2.7606812823575693,0.0,24.05,,,3.9
solomon_c101,RO-Eco,2,25,687.0632233921237,611.4894869976479,1443.1151893144493,75.57373639447577,706.6607602914931,709.7398066207061,1.0,1164.9747278895152,0.0,0.0,0.0,34.65,,,4.2
solomon_c101,S-HGLS,2,25,565.2312649191501,530.9049587933584,1252.9357027523258,34.32630612579166,641.1978481559804,675.2677148917269,1.0,304.11391976212,0.1,3.610305068842834,0.0,23.8,,,4.1
solomon_c101,LA-SHGLS,2,25,509.2770853363102,486.5682250961469,1148.3010112269062,22.7088602401634,549.392737066298,577.1751424457866,1.0,158.95017337610858,0.05,1.543175785678983,0.0,23.35,,,4.1
solomon_c101,D-HGLS,3,23,527.2814241734814,492.9991647581445,1163.4780288292209,34.282259415336924,546.4370658308542,551.8011771129534,1.0,403.48080198601366,0.05,0.3291096580181204,0.0,26.9,,,4.0
solomon_c101,PTO-HGLS,3,23,527.2814241734814,492.9991647581445,1163.4780288292209,34.282259415336924,546.4370658308542,551.8011771129534,1.0,403.48080198601366,0.05,0.3291096580181204,0.0,26.9,,,4.0
solomon_c101,Q-HGLS,3,24,555.4370882745864,528.9646974972833,1248.3566860935885,26.472390777303303,569.0957088402429,572.8904577383418,1.0,255.94781554606607,0.0,0.0,0.0,27.35,,,4.0
solomon_c101,RO-Eco,3,26,798.2894775019691,674.3344201761937,1591.429231615817,123.95505732577544,819.0885762102428,819.9637822589573,1.0,2098.601146515509,0.0,0.0,0.0,38.05,,,4.0
solomon_c101,S-HGLS,3,24,523.4054636800405,508.1008467659311,1199.1179983675972,15.304616914109468,541.5131767164208,545.6968968495917,1.0,29.927951961464515,0.05,0.3291096580181204,0.0,26.3,,,3.8
solomon_c101,LA-SHGLS,3,23,525.2539420383633,500.7859696994968,1181.8548884908123,24.467972338866552,554.3903888709838,567.8490438218204,1.0,173.49550777816802,0.1,1.096598474979075,0.0,27.2,,,3.7
solomon_c201,D-HGLS,1,11,331.5025728310347,297.65803603689204,702.4729650470653,33.84453679414267,339.2293571734193,339.34700676243705,1.0,433.3907358828534,0.0,0.0,0.0,24.35,,,3.5
solomon_c201,PTO-HGLS,1,11,331.5025728310347,297.65803603689204,702.4729650470653,33.84453679414267,339.2293571734193,339.34700676243705,1.0,433.3907358828534,0.0,0.0,0.0,24.35,,,3.5
solomon_c201,Q-HGLS,1,13,358.5963290675294,338.2464153011338,798.2615401106757,20.349913766395595,364.8847743229141,365.58044228065273,1.0,147.49827532791193,0.0,0.0,0.0,25.95,,,3.5
solomon_c201,RO-Eco,1,14,357.3125123620979,333.8835345710218,787.9651415876115,23.42897779107604,363.499703974681,364.16300639098233,1.0,244.07955582152053,0.0,0.0,0.0,22.45,,,3.5
solomon_c201,S-HGLS,1,13,327.65713876116104,313.9943547356492,741.0266771761321,13.662784025511847,335.18744823859686,336.325341421039,1.0,34.75568051023701,0.0,0.0,0.0,23.85,,,3.3
solomon_c201,LA-SHGLS,1,13,360.7959926225616,340.34717597679355,803.2193353052327,20.448816645768165,367.00324594263446,367.3277609244591,1.0,191.9763329153633,0.0,0.0,0.0,21.7,,,3.3
solomon_c201,D-HGLS,2,13,335.649361780086,322.29936178008603,760.6264938010028,13.35,342.2285771725376,342.4529622566325,0.0,0.0,0.0,0.0,0.0,26.7,,,3.4
solomon_c201,PTO-HGLS,2,13,335.649361780086,322.29936178008603,760.6264938010028,13.35,342.2285771725376,342.4529622566325,0.0,0.0,0.0,0.0,0.0,26.7,,,3.4
solomon_c201,Q-HGLS,2,13,355.2170890344151,335.20011131763334,791.072262709615,20.01697771678173,363.36095697948736,364.479037340398,1.0,143.33955433563466,0.0,0.0,0.0,25.7,,,3.4
solomon_c201,RO-Eco,2,13,364.39039697141135,337.97663572623503,797.6248603139145,26.41376124517634,371.2387321251157,371.8854521761056,1.0,289.27522490352675,0.0,0.0,0.0,23.9,,,3.5
solomon_c201,S-HGLS,2,12,320.8038031690707,290.5247760883858,685.6384715685906,30.27902708068488,326.40787492128663,326.9154142537928,1.0,360.5805416136976,0.0,0.0,0.0,24.5,,,3.2
solomon_c201,LA-SHGLS,2,14,341.335207681472,324.0733912152267,764.8132032679347,17.26181646624536,348.2365137012036,348.60834127568575,1.0,106.73632932490725,0.0,0.0,0.0,23.85,,,3.3
solomon_c201,D-HGLS,3,14,348.4934960384019,338.0191304873686,797.7251479501896,10.474365551033294,356.27554976620183,356.5995274284001,0.1,0.4873110206658794,0.0,0.0,0.0,20.9,,,3.4
solomon_c201,PTO-HGLS,3,14,348.4934960384019,338.0191304873686,797.7251479501896,10.474365551033294,356.27554976620183,356.5995274284001,0.1,0.4873110206658794,0.0,0.0,0.0,20.9,,,3.4
solomon_c201,Q-HGLS,3,11,334.0929316507134,314.7032935635167,742.6997728098994,19.389638087196584,341.42313813459646,341.48168233936724,1.0,177.29276174393164,0.0,0.0,0.0,21.05,,,3.4
solomon_c201,RO-Eco,3,13,347.92163730474374,322.7420047086945,761.6711311125189,25.179632596049338,356.1876899635208,357.6492723615441,1.0,274.59265192098667,0.0,0.0,0.0,22.9,,,3.4
solomon_c201,S-HGLS,3,14,331.7517560616092,313.0626593438077,738.8278760513858,18.68909671780155,341.3935063689005,341.5329296865858,1.0,160.28193435603106,0.0,0.0,0.0,21.35,,,3.3
solomon_c201,LA-SHGLS,3,13,319.73159392390505,306.8191769354394,724.0932575676368,12.91241698846564,327.9691416690034,329.0030565317968,1.0,35.74833976931275,0.0,0.0,0.0,22.25,,,3.2
solomon_r102,D-HGLS,1,31,581.8643445451052,491.4501794390132,1159.822423476071,90.414165106092,602.0155271769911,602.5157614799529,1.0,1447.2833021218398,0.0,0.0,0.0,36.1,,,4.3
solomon_r102,PTO-HGLS,1,31,581.8643445451052,491.4501794390132,1159.822423476071,90.414165106092,602.0155271769911,602.5157614799529,1.0,1447.2833021218398,0.0,0.0,0.0,36.1,,,4.3
solomon_r102,Q-HGLS,1,34,586.6458920718879,521.8543339975115,1231.576228234127,64.79155807437652,610.7232394259348,614.6053099426808,1.0,942.3311614875308,0.0,0.0,0.0,35.35,,,4.3
solomon_r102,RO-Eco,1,30,570.8089369243178,480.7630578434861,1134.6008165106268,90.04587908083167,594.0063302984481,594.6354320857397,1.0,1475.417581616633,0.0,0.0,0.0,32.55,,,4.3
solomon_r102,S-HGLS,1,32,551.6512886771795,500.4850152746869,1181.1446360482612,51.16627340249259,566.6612290877738,567.733262275444,1.0,724.8254680498518,0.0,0.0,0.0,29.85,,,4.1
solomon_r102,LA-SHGLS,1,34,575.8090837936251,519.1585145808165,1225.2140944107266,56.65056921280866,592.6681792144028,596.5683696637848,1.0,839.511384256173,0.0,0.0,0.0,29.35,,,4.1
solomon_r102,D-HGLS,2,34,564.0725244782321,506.7515131707544,1195.9335710829805,57.32101130747772,593.8062128788199,611.0880853663094,1.0,824.065190481205,0.05,1.5463758917087334,0.0,26.05,,,4.3
solomon_r102,PTO-HGLS,2,34,564.0725244782321,506.7515131707544,1195.9335710829805,57.32101130747772,593.8062128788199,611.0880853663094,1.0,824.065190481205,0.05,1.5463758917087334,0.0,26.05,,,4.3
solomon_r102,Q-HGLS,2,32,560.9958168404387,492.0928845282794,1161.3392074867393,68.9029323121594,576.0138938049331,577.7456266239195,1.0,1100.2989832025175,0.05,0.4314915760167551,0.0,26.05,,,4.2
solomon_r102,RO-Eco,2,38,592.3901312325366,539.1851935271492,1272.4770567240716,53.20493770538741,608.0760630807847,608.8611248883834,1.0,694.0987541077482,0.0,0.0,0.0,37.0,,,4.4
solomon_r102,S-HGLS,2,31,557.6040956327304,482.3953817305581,1138.453100884117,75.20871390217225,575.3828550256719,575.9122562581078,1.0,1215.1524174188044,0.05,0.7880465156160099,0.0,25.75,,,4.0
solomon_r102,LA-SHGLS,2,36,570.5854768786837,525.0972128286238,1239.2294222755525,45.4882640500598,583.8932479979943,584.5066187528564,1.0,632.9213937166262,0.05,0.0085971821142393,0.0,27.65,,,4.1
solomon_r102,D-HGLS,3,34,589.1797151985027,525.2018399700994,1239.4763423294344,63.97787522840313,619.4576090870338,628.946856282414,1.0,918.685929255558,0.05,1.4592893828126108,0.0,30.25,,,4.3
solomon_r102,PTO-HGLS,3,34,589.1797151985027,525.2018399700994,1239.4763423294344,63.97787522840313,619.4576090870338,628.946856282414,1.0,918.685929255558,0.05,1.4592893828126108,0.0,30.25,,,4.3
solomon_r102,Q-HGLS,3,33,562.2694578001914,505.058218006509,1191.937394495361,57.21123979368256,593.3769239550395,605.6024626720783,1.0,722.9469559809213,0.05,1.681945997318246,0.0,35.4,,,4.3
solomon_r102,RO-Eco,3,33,597.2736998584221,507.2066810112921,1197.0077671866493,90.06701884712999,617.2449484378196,619.2301073516803,1.0,1487.3403769425995,0.0,0.0,0.0,31.4,,,4.2
solomon_r102,S-HGLS,3,35,563.6027441600944,510.0912056167749,1203.8152452555887,53.511538543319446,582.0863182710154,582.8623950995719,1.0,736.7307708663889,0.0,0.0,0.0,33.35,,,4.0
solomon_r102,LA-SHGLS,3,32,565.6809325508204,491.2084851406496,1159.2520249319332,74.47244741017073,588.5821892193449,589.7101744921644,1.0,1196.948948203414,0.0,0.0,0.0,29.25,,,4.0
solomon_r202,D-HGLS,1,18,367.1717894231485,353.0112615517288,833.1065772620799,14.16052787141966,375.7878549954959,377.1731232573306,1.0,56.2105574283932,0.0,0.0,0.0,22.7,,,3.6
solomon_r202,PTO-HGLS,1,18,367.1717894231485,353.0112615517288,833.1065772620799,14.16052787141966,375.7878549954959,377.1731232573306,1.0,56.2105574283932,0.0,0.0,0.0,22.7,,,3.6
solomon_r202,Q-HGLS,1,16,367.5045742006214,350.27009313266564,826.6374197930909,17.23448106795579,375.4008433797686,375.4207016984256,1.0,97.1896213591158,0.0,0.0,0.0,24.75,,,3.5
solomon_r202,RO-Eco,1,17,376.79226925071765,353.32970985436174,833.8581152562934,23.46255939635595,385.5566442094671,386.33111049548927,1.0,247.2511879271189,0.0,0.0,0.0,22.2,,,3.6
solomon_r202,S-HGLS,1,16,371.12384987489554,354.54591291128,836.7283544706208,16.577936963615493,380.736005719667,383.8149933297498,1.0,115.05873927230982,0.0,0.0,0.0,21.65,,,3.3
solomon_r202,LA-SHGLS,1,18,380.0465972315056,366.8704644149056,865.8142960191772,13.1761328166,386.5858049358308,387.4697861222573,1.0,62.522656331999954,0.0,0.0,0.0,20.1,,,3.4
solomon_r202,D-HGLS,2,17,381.5379077409474,368.0555332202202,868.6110583997195,13.482374520727207,388.6341373846234,389.0227287307624,1.0,82.6474904145442,0.0,0.0,0.0,18.7,,,3.6
solomon_r202,PTO-HGLS,2,17,381.5379077409474,368.0555332202202,868.6110583997195,13.482374520727207,388.6341373846234,389.0227287307624,1.0,82.6474904145442,0.0,0.0,0.0,18.7,,,3.6
solomon_r202,Q-HGLS,2,18,383.32181279704,363.9525801808487,858.9280892268029,19.36923261619139,393.1098804226018,394.0375469815608,1.0,164.3846523238278,0.0,0.0,0.0,22.3,,,3.6
solomon_r202,RO-Eco,2,18,383.9241260795016,371.9770146380381,877.8657545457697,11.947111441463516,391.7098499124716,392.29536211209455,1.0,43.44222882927029,0.0,0.0,0.0,19.55,,,3.7
solomon_r202,S-HGLS,2,16,384.1822589715136,365.9603146921765,863.6663426735367,18.221944279337023,393.8878970580952,396.35913367607833,1.0,140.93888558674047,0.0,0.0,0.0,22.35,,,3.4
solomon_r202,LA-SHGLS,2,17,380.5264234726769,368.5493299254598,869.7764186240853,11.97709354721707,387.8157768882545,388.7013598741795,1.0,49.54187094434143,0.0,0.0,0.0,19.0,,,3.4
solomon_r202,D-HGLS,3,18,381.0202292452013,368.6620059652897,870.0423340780835,12.358223279911629,389.8265258125626,391.4382742707767,1.0,42.164465598232525,0.0,0.0,0.0,20.5,,,3.8
solomon_r202,PTO-HGLS,3,18,381.0202292452013,368.6620059652897,870.0423340780835,12.358223279911629,389.8265258125626,391.4382742707767,1.0,42.164465598232525,0.0,0.0,0.0,20.5,,,3.8
solomon_r202,Q-HGLS,3,17,376.1752103449461,359.518259477016,848.4630923657576,16.656950867930203,385.84532764555865,386.77434846361245,1.0,129.13901735860404,0.0,0.0,0.0,20.4,,,3.9
solomon_r202,RO-Eco,3,17,351.7933003410678,335.7672779449682,792.410775950125,16.02602239609958,360.6242441043996,361.39143604080914,1.0,74.52044792199167,0.0,0.0,0.0,24.6,,,3.9
solomon_r202,S-HGLS,3,17,376.54376690810665,359.7261871188032,848.9538016003755,16.817579789303544,384.5350441203467,386.3271079308754,1.0,145.35159578607085,0.0,0.0,0.0,19.1,,,3.7
solomon_r202,LA-SHGLS,3,17,376.29741983529937,365.9273178915543,863.588470224068,10.370101943745125,383.1224216727997,383.8171732697692,1.0,22.9020388749025,0.0,0.0,0.0,18.45,,,3.7
solomon_rc101,D-HGLS,1,30,687.0002641770404,614.9476218046892,1451.2763874590669,72.05264237235127,697.591361833509,701.1165864367026,1.0,1154.5528474470252,0.0,0.0,0.0,28.65,,,4.6
solomon_rc101,PTO-HGLS,1,30,687.0002641770404,614.9476218046892,1451.2763874590669,72.05264237235127,697.591361833509,701.1165864367026,1.0,1154.5528474470252,0.0,0.0,0.0,28.65,,,4.6
solomon_rc101,Q-HGLS,1,34,715.4023646272656,661.5414853945999,1561.2379055312554,53.860879232665766,728.6318888210337,730.4056656023265,1.0,789.217584653315,0.0,0.0,0.0,28.8,,,4.6
solomon_rc101,RO-Eco,1,33,717.2374677005743,659.1819497947802,1555.669401515681,58.05551790579399,735.771253972681,740.0867261778652,1.0,855.1103581158799,0.0,0.0,0.0,30.6,,,4.7
solomon_rc101,S-HGLS,1,26,661.415398759577,585.9854855896755,1382.925745991634,75.42991316990154,675.6897042667082,680.9848321052812,1.0,1219.598263398031,0.0,0.0,0.0,28.9,,,4.2
solomon_rc101,LA-SHGLS,1,33,706.0111836034514,650.6415972465599,1535.5141695018815,55.36958635689147,720.9734279774393,722.4946046691265,1.0,813.8917271378292,0.0,0.0,0.0,29.35,,,4.5
solomon_rc101,D-HGLS,2,28,683.9955698681724,583.5293921640455,1377.1293655071472,100.46617770412698,708.9500144526462,711.0028636621162,1.0,1720.3235540825397,0.0,0.0,0.0,28.9,,,4.5
solomon_rc101,PTO-HGLS,2,28,683.9955698681724,583.5293921640455,1377.1293655071472,100.46617770412698,708.9500144526462,711.0028636621162,1.0,1720.3235540825397,0.0,0.0,0.0,28.9,,,4.4
solomon_rc101,Q-HGLS,2,31,674.7016404198829,612.3964317677803,1445.2555789719613,62.30520865210277,693.5305007817219,698.8446260270773,1.0,957.6041730420552,0.0,0.0,0.0,28.85,,,4.4
solomon_rc101,RO-Eco,2,36,713.9557912404604,666.1842936453768,1572.1949330030889,47.7714975950837,736.4217121052039,742.1685377147496,1.0,686.929951901674,0.0,0.0,0.0,26.85,,,4.6
solomon_rc101,S-HGLS,2,29,678.1159214065324,612.8616815579311,1446.353568476717,65.25423984860126,699.7795671265595,705.0504044682866,1.0,1051.0847969720253,0.0,0.0,0.0,25.4,,,4.3
solomon_rc101,LA-SHGLS,2,34,700.634955178137,650.5364509739495,1535.2660242985212,50.09850420418736,717.9922659444067,720.4338352726974,1.0,744.9700840837471,0.0,0.0,0.0,25.7,,,4.3
solomon_rc101,D-HGLS,3,38,713.8458559474233,676.5360894386084,1596.6251710751155,37.309766508815,724.2339701806993,725.4718427542014,1.0,466.7920014844891,0.05,0.0475832172952721,0.0,27.75,,,4.6
solomon_rc101,PTO-HGLS,3,38,713.8458559474233,676.5360894386084,1596.6251710751155,37.309766508815,724.2339701806993,725.4718427542014,1.0,466.7920014844891,0.05,0.0475832172952721,0.0,27.75,,,4.6
solomon_rc101,Q-HGLS,3,31,669.8492773397231,604.8381520330448,1427.418038797986,65.0111253066782,681.6423478424529,682.2819732868259,1.0,993.222506133564,0.0,0.0,0.0,30.7,,,4.9
solomon_rc101,RO-Eco,3,32,687.4793193829616,629.3516251972742,1485.2698354655672,58.12769418568744,702.28654229927,705.9967290395728,1.0,892.0538837137485,0.0,0.0,0.0,27.05,,,4.7
solomon_rc101,S-HGLS,3,34,704.2580734873166,658.0314804457103,1552.954293851876,46.22659304160639,715.2188036640117,715.7311518144879,1.0,655.5318608321279,0.0,0.0,0.0,26.9,,,4.3
solomon_rc101,LA-SHGLS,3,33,700.7950386207934,659.0000652659398,1555.2401540276182,41.794973354853504,709.1908699784228,709.5069130541114,1.0,540.89946709707,0.0,0.0,0.0,29.5,,,4.4
solomon_rc201,D-HGLS,1,17,492.1806613408935,466.2584037579005,1100.369832868645,25.92225758299304,503.6990943493359,507.979842857241,1.0,287.4451516598607,0.0,0.0,0.0,23.1,,,4.6
solomon_rc201,PTO-HGLS,1,17,492.1806613408935,466.2584037579005,1100.369832868645,25.92225758299304,503.6990943493359,507.979842857241,1.0,287.4451516598607,0.0,0.0,0.0,23.1,,,4.6
solomon_rc201,Q-HGLS,1,17,478.9772838239602,464.9465752646718,1097.2739176246257,14.030708559288223,491.04282276766367,494.6982936614028,1.0,70.61417118576448,0.0,0.0,0.0,21.0,,,4.6
solomon_rc201,RO-Eco,1,17,480.5437703323559,454.9947414655664,1073.7875898587367,25.549028866789502,492.4406617475461,495.1292951083821,1.0,293.98057733579,0.0,0.0,0.0,21.7,,,4.5
solomon_rc201,S-HGLS,1,18,480.438190011934,466.1419690997297,1100.095047075362,14.296220912204214,489.5988239457099,489.8913321342711,1.0,56.924418244084265,0.0,0.0,0.0,22.9,,,4.4
solomon_rc201,LA-SHGLS,1,17,488.65258849109097,469.4674350397122,1107.9431466937208,19.185153451378817,501.09812983721616,503.2179598467327,1.0,181.7030690275763,0.0,0.0,0.0,20.2,,,4.3
nyc_manhattan,DF-det,1,7,42.909637350812055,33.144686485669226,78.22146010617938,9.764950865142827,47.43488126737115,47.99245966358001,0.0,0.0,0.5,0.5949754325714139,0.0,17.15,0.5861078110458907,0.1960404287722336,206.5
nyc_manhattan,DF-det,2,8,46.56617226578243,37.7363683085351,89.05782920814283,8.829803957247325,49.8665424184544,50.88942383960197,0.0,0.0,0.1,0.027401978623662,0.0,17.55,0.8046812856573573,0.0675040371831491,267.7
nyc_manhattan,DF-det,3,7,51.66761737857369,42.49087902870657,100.2784745077475,9.176738349867104,54.506379738326274,54.614391338864046,0.0,0.0,0.3,0.1258691749335533,0.0,17.85,0.7195378221250652,0.1422969616380296,194.9
nyc_queens,DF-det,1,4,49.09521914486763,43.8800854611979,103.55700168842704,5.215133683669732,55.46286376524527,55.68894743379716,0.0,0.0,0.25,0.3825668418348665,0.0,8.9,0.6741013892424504,0.1609269241524058,103.1
nyc_queens,DF-det,2,4,46.22459663791046,42.12764709140437,99.42124713571434,4.096949546506084,52.34972869041613,54.548264052980834,0.0,0.0,0.25,0.0984747732530412,0.0,7.8,0.6260241996243185,0.1406094916261022,100.8
nyc_queens,DF-det,3,5,45.58651747955612,41.756836995276906,98.54613530885348,3.829680484279229,49.25140645710792,50.382320834784096,0.0,0.0,0.05,0.0398402421396141,0.0,7.5,0.6397621737615667,0.1718330153129828,100.9
nyc_brooklyn,DF-det,1,7,32.87242143457189,30.85227615550696,72.81137172699641,2.0201452790649346,36.64629299806485,38.23958216902756,0.0,0.0,0.1,0.1100726395324672,0.0,3.6,0.744590533415984,0.1269170284150992,105.6
nyc_brooklyn,DF-det,2,6,32.03297988727148,30.657979887271487,72.3528325339607,1.375,34.60641681938286,34.74856711635667,0.0,0.0,0.0,0.0,0.0,2.75,0.7885278036162738,0.2075182643077429,106.2
nyc_brooklyn,DF-det,3,5,29.86627855064999,27.87037750250841,65.77409090591985,1.995901048141583,35.033637712473585,37.5860689862259,0.0,0.0,0.1,0.2229505240707916,0.0,3.1,0.669016564549385,0.229100985962541,107.2
dublin_real,DF-det,1,12,101.50642988679128,88.48476717341303,208.8240505292548,13.02166271337823,110.78865123364164,110.98322767167852,0.0,0.0,0.9,2.0108313566891143,0.0,18.0,0.7605137152337151,0.1198157425621835,313.6
dublin_real,DF-det,2,14,96.71432921849504,81.74189501362194,192.9108722321478,14.972434204873071,102.79867693835128,103.26738368048476,0.0,0.0,0.95,2.3112171024365367,0.0,20.7,0.7085994857320494,0.1738352593456263,310.9
dublin_real,DF-det,3,12,93.03353374285273,81.13742907808081,191.4843326242707,11.896104664771906,102.75679037510068,104.68360906120496,0.0,0.0,0.9,2.2105523323859524,0.0,14.95,0.7093826163691891,0.0970721855330793,308.3
peshawar_real,DF-det,1,17,98.265218551081,78.60100312269631,185.49836736956323,19.664215428384683,112.14104194602028,116.29208151953056,0.35,2.204843711309553,0.95,3.614486621409604,0.0,24.65,0.6726714507451483,0.1089722730712431,349.9
peshawar_real,DF-det,2,17,91.78655953448192,76.87280650718813,181.419823356964,14.913753027293804,108.25244070722964,108.63176643092254,0.05,0.1126327281150338,0.9,3.541560695444025,0.0,15.65,0.7547285867415707,0.1477385375710232,362.7
peshawar_real,DF-det,3,20,92.80230168566725,81.20241632080169,191.637702517092,11.59988536486554,101.95697555560167,104.6584507519412,0.2,0.9363778348548236,0.4,0.8890332365613979,0.0,19.55,0.7397299579702218,0.1189620937511275,362.3
solomon_c101,DF-det,1,24,517.126338436458,481.8964174638338,1137.275545214648,35.2299209726241,580.5151530267476,600.0567418649883,1.0,330.0168405580879,0.1,3.039539472359853,0.0,25.3,0.7103318659136332,0.2578362568140124,349.5
solomon_c101,DF-det,2,25,536.5252755047419,516.2799282745252,1218.4206307278794,20.24534723021667,613.4769019138005,648.1332851558798,1.0,19.49474185061997,0.1,3.610305068842834,0.0,24.1,0.5218847112237197,0.1814539699804317,354.3
solomon_c101,DF-det,3,27,546.3325403868843,529.2436814831892,1249.0150883003264,17.0888589036949,564.5675351458856,572.3492627744773,1.0,55.11279175317314,0.05,0.3291096580181204,0.0,27.35,0.51193542922047,0.1807044660342995,362.2
solomon_c201,DF-det,1,13,336.9185257359071,324.1185257359072,764.9197207367408,12.8,343.81603115150995,344.5735579706563,0.0,0.0,0.0,0.0,0.0,25.6,0.6758651996170363,0.1489716638253825,322.4
solomon_c201,DF-det,2,12,321.4100137938637,298.7323459535252,705.0083364503195,22.67766784033852,327.62655750280624,328.86085018563483,1.0,169.0533568067703,0.0,0.0,0.0,28.45,0.6053180165376301,0.234105432506695,371.7
solomon_c201,DF-det,3,12,341.065325867722,321.06656743021483,757.717099135307,19.998758437507146,349.2355800026618,349.5241263355909,1.0,180.9751687501428,0.0,0.0,0.0,21.9,0.734462518476371,0.183585730813739,557.1
nyc_manhattan,DF-CC,1,8,48.05030877646516,38.32530877646516,90.44772871245776,9.725,51.035799265031415,51.438535829189526,0.0,0.0,0.0,0.0,0.0,19.45,0.8667723572531574,0.0740969567344659,143.0
nyc_manhattan,DF-CC,2,8,49.15711354723392,40.55636989074935,95.71303294216844,8.600743656484577,52.15021107085064,52.31651246544008,0.0,0.0,0.05,0.0878718282422883,0.0,16.85,0.8376773617999017,0.1641582476067866,148.0
nyc_manhattan,DF-CC,3,9,49.3936758013087,40.0936758013087,94.62107489108853,9.3,51.718061179347416,52.39371526076835,0.0,0.0,0.0,0.0,0.0,18.6,0.8765168610460344,0.0985729922538909,132.3
nyc_queens,DF-CC,1,4,46.42767736002345,41.78382980013157,98.60983832831047,4.643847559891884,50.21763293104928,50.323795762228286,0.0,0.0,0.25,0.2094237799459422,0.0,8.45,0.6550408378208132,0.1568206895883642,81.5
nyc_queens,DF-CC,2,4,44.760302448147776,41.58530244814777,98.14131377762877,3.175,50.36435741779013,51.42552411899599,0.0,0.0,0.0,0.0,0.0,6.35,0.750073511255982,0.2498962990584211,78.9
nyc_queens,DF-CC,3,4,41.02836213656808,37.74472648651231,89.07755450816907,3.283635650055767,44.58084771604067,44.93699410352204,0.0,0.0,0.1,0.0168178250278834,0.0,6.5,0.7495168382666804,0.1077854344103805,74.9
nyc_brooklyn,DF-CC,1,5,30.80148301195948,28.426241928706087,67.08593095174638,2.375241083253392,40.07886382654221,46.53344994875719,0.0,0.0,0.3,0.6376205416266958,0.0,2.2,0.6073424109734333,0.1447643543787842,81.4
nyc_brooklyn,DF-CC,2,5,29.973221163694237,28.23603374113268,66.63703962907312,1.7371874225615578,34.06196886811861,35.77704127612255,0.0,0.0,0.3,0.1810937112807789,0.0,2.75,0.5824423081319573,0.1563817222302548,78.8
nyc_brooklyn,DF-CC,3,7,31.6365102284927,27.48137055385258,64.85603450709209,4.155139674640121,44.67676480538373,47.88216405519714,0.0,0.0,0.45,1.1525698373200606,0.0,3.7,0.6546653322195142,0.1494344025893732,78.3
dublin_real,DF-CC,1,11,91.7017895198577,77.97617942269686,184.02378343756465,13.72561009716082,103.1432987901534,104.3378798460846,0.0,0.0,0.95,3.400305048580411,0.0,13.85,0.6752747692154079,0.129480394433866,212.1
dublin_real,DF-CC,2,11,90.40834080956418,74.76243394650004,176.43934411374008,15.645906863064155,101.82838781445852,102.41338959834208,0.0,0.0,0.95,4.835453431532076,0.0,11.95,0.5333847441520976,0.0578239161514907,212.7
dublin_real,DF-CC,3,12,106.4413584404848,94.51751456002124,223.0613343616501,11.923843880463584,124.5769189739902,125.4622449235111,0.0,0.0,0.95,3.2244219402317933,0.0,10.95,0.701481428193171,0.2380262812756919,300.5
peshawar_real,DF-CC,1,19,91.06461554252328,80.36376052763907,189.65847484522817,10.700855014884205,100.94935207851304,101.45703882473548,0.05,0.1935995263493055,0.7,2.04558751928337,0.0,13.2,0.7428606327380426,0.1568663831658019,249.7
peshawar_real,DF-CC,2,19,92.14925543483386,81.98744811585634,193.49037755342096,10.161807318977525,103.28116979414736,105.12993179512188,0.15,0.3286610305085616,0.65,2.610187133726048,0.0,9.85,0.8160827819373182,0.1038528746170069,235.2
peshawar_real,DF-CC,3,20,94.20889125330989,84.72511635306789,199.95127459324016,9.483774900241974,104.31700180604544,109.58567698194196,1.0,10.671657657077777,0.55,1.4750960086940434,0.0,12.0,0.7994669090144267,0.1077534815546792,235.7
solomon_c101,DF-CC,1,28,532.306675177332,513.0876341066183,1210.8868164916194,19.21904107071364,586.6665702624817,631.6883885050642,1.0,14.158910994620024,0.05,2.655547760491319,0.0,26.4,0.8582413482315552,0.0805399426790495,318.8
solomon_c101,DF-CC,2,25,557.4522433034051,532.5424996831231,1256.80029925217,24.909743620282125,636.5729928022035,671.5911531338922,1.0,137.2379804111957,0.1,3.5989222998611696,0.0,21.7,0.6301438826937106,0.1492615910595333,375.3
solomon_c101,DF-CC,3,26,524.6072223187837,505.520860537737,1193.0292308690591,19.086361781046666,549.8776153667129,568.740792582031,1.0,86.52768294249503,0.05,0.7674888169609545,0.0,26.45,0.8651926632243468,0.1566887846133577,407.9
solomon_c201,DF-CC,1,13,327.65713876116104,313.9943547356492,741.0266771761321,13.662784025511847,335.18744823859686,336.325341421039,1.0,34.75568051023701,0.0,0.0,0.0,23.85,0.6975000000000001,1.1102230246251563e-16,362.4
solomon_c201,DF-CC,2,12,320.8038031690707,290.5247760883858,685.6384715685906,30.27902708068488,326.40787492128663,326.9154142537928,1.0,360.5805416136976,0.0,0.0,0.0,24.5,0.6975000000000001,1.1102230246251563e-16,359.7
solomon_c201,DF-CC,3,14,331.7517560616092,313.0626593438077,738.8278760513858,18.68909671780155,341.3935063689005,341.5329296865858,1.0,160.28193435603106,0.0,0.0,0.0,21.35,0.6975000000000001,1.1102230246251563e-16,371.6
solomon_r102,DF-det,1,32,542.0119056090585,478.27143794658457,1128.7205935539396,63.74046766247408,559.0435299532512,561.0016373724924,1.0,985.3093532494815,0.0,0.0,0.0,28.95,0.6213193262568574,0.2254968068253166,546.7
solomon_r102,DF-CC,1,34,554.2047226325035,490.962872693808,1158.672379557387,63.24184993869551,568.4513120557506,568.5582633069005,1.0,952.83699877391,0.0,0.0,0.0,31.2,0.653486672598432,0.1481430971809195,510.4
solomon_r102,DF-det,2,38,566.2857843973474,525.5577678394841,1240.316332101182,40.72801655786334,609.7928018219011,637.697689760605,1.0,449.95091212689687,0.05,1.802735475759249,0.0,29.25,0.6799438659470181,0.2173999817126212,535.2
solomon_r102,DF-CC,2,32,574.9204636837604,504.69620154145207,1191.083035637827,70.22426214230825,613.792122518305,643.1305854030263,1.0,1059.9251998784143,0.05,2.1015010741937603,0.0,26.05,0.6799438659470181,0.2173999817126212,505.8
solomon_r102,DF-det,3,32,596.9175736981146,525.8949674878094,1241.1121232712303,71.02260621030523,619.6239002107793,624.7261555316155,1.0,1100.369396701411,0.05,0.3895681876173341,0.0,30.45,0.6214614485162767,0.2091276623024974,543.4
solomon_r102,DF-CC,3,35,563.6027441600944,510.0912056167749,1203.8152452555887,53.511538543319446,582.0863182710154,582.8623950995719,1.0,736.7307708663889,0.0,0.0,0.0,33.35,0.6975000000000001,1.1102230246251563e-16,514.9
solomon_r202,DF-det,1,17,376.3462879890019,355.3347515334418,838.5900136189227,21.01153645556001,382.604208519928,383.314615781448,1.0,174.73072911120016,0.0,0.0,0.0,24.55,0.655820810661792,0.2412877525177302,443.4
solomon_r202,DF-CC,1,16,371.12384987489554,354.54591291128,836.7283544706208,16.577936963615493,380.736005719667,383.8149933297498,1.0,115.05873927230982,0.0,0.0,0.0,21.65,0.6975000000000001,1.1102230246251563e-16,412.5
solomon_r202,DF-det,2,17,377.33469614876594,366.4712646363469,864.8721845417788,10.86343151241908,385.26073008130834,385.5671878742313,1.0,10.76863024838158,0.0,0.0,0.0,20.65,0.59036821409868,0.2383010965792788,441.4
solomon_r202,DF-CC,2,16,384.1822589715136,365.9603146921765,863.6663426735367,18.221944279337023,393.8878970580952,396.35913367607833,1.0,140.93888558674047,0.0,0.0,0.0,22.35,0.6975000000000001,1.1102230246251563e-16,410.2
solomon_r202,DF-det,3,16,383.79945164849926,354.6364053678202,836.9419166680555,29.163046280679048,393.8277885329093,395.0784421310081,1.0,363.260925613581,0.0,0.0,0.0,22.0,0.8187709615554257,0.166050235513856,444.5
solomon_r202,DF-CC,3,17,376.54376690810665,359.7261871188032,848.9538016003755,16.817579789303544,384.5350441203467,386.3271079308754,1.0,145.35159578607085,0.0,0.0,0.0,19.1,0.6975000000000001,1.1102230246251563e-16,411.9
solomon_rc101,DF-det,1,33,669.697280718694,622.5730573377921,1469.2724153171891,47.12422338090176,678.7213114797019,679.5006706381686,1.0,607.4844676180353,0.0,0.0,0.0,33.5,0.6771047723544015,0.2147747997515589,527.5
solomon_rc101,DF-CC,1,26,661.415398759577,585.9854855896755,1382.925745991634,75.42991316990154,675.6897042667082,680.9848321052812,1.0,1219.598263398031,0.0,0.0,0.0,28.9,0.6975000000000001,1.1102230246251563e-16,494.1
solomon_rc101,DF-det,2,32,695.5055120988269,635.9684491285004,1500.885539943261,59.53706297032646,715.5844005142545,717.136894077136,1.0,914.7412594065293,0.0,0.0,0.0,27.6,0.8696156990315438,0.1610876239237558,531.4
solomon_rc101,DF-CC,2,29,678.1159214065324,612.8616815579311,1446.353568476717,65.25423984860126,699.7795671265595,705.0504044682866,1.0,1051.0847969720253,0.0,0.0,0.0,25.4,0.6975000000000001,1.1102230246251563e-16,500.1
solomon_rc101,DF-det,3,32,695.3446746378374,633.8249038132396,1495.8267729992451,61.51977082459776,715.4033806071911,717.5253994541465,1.0,926.010722841871,0.05,0.5596173412521097,0.0,28.2,0.6303472491913094,0.2345357663022604,520.5
solomon_rc101,DF-CC,3,34,704.2580734873166,658.0314804457103,1552.954293851876,46.22659304160639,715.2188036640117,715.7311518144879,1.0,655.5318608321279,0.0,0.0,0.0,26.9,0.6975000000000001,1.1102230246251563e-16,493.8
solomon_rc201,DF-det,1,17,481.833452264704,461.7687859866956,1089.774334928601,20.064666278008527,491.20077045131495,491.74622601156494,1.0,189.79332556017056,0.0,0.0,0.0,21.15,0.6392778696384819,0.2157595631452123,440.5
solomon_rc201,DF-CC,1,18,480.438190011934,466.1419690997297,1100.095047075362,14.296220912204214,489.5988239457099,489.8913321342711,1.0,56.924418244084265,0.0,0.0,0.0,22.9,0.6975000000000001,1.1102230246251563e-16,411.6
solomon_rc201,D-HGLS,2,19,495.74806608632537,478.8918344749943,1130.1847293609865,16.856231611331076,505.1665224178418,505.2292957012426,1.0,110.62463222662156,0.0,0.0,0.0,22.65,,,5.0
solomon_rc201,PTO-HGLS,2,19,495.74806608632537,478.8918344749943,1130.1847293609865,16.856231611331076,505.1665224178418,505.2292957012426,1.0,110.62463222662156,0.0,0.0,0.0,22.65,,,4.9
solomon_rc201,Q-HGLS,2,18,487.9461669723172,470.2784055819863,1109.8570371734877,17.667761390330867,500.5951250398365,506.1207658969012,1.0,104.85522780661726,0.0,0.0,0.0,24.85,,,4.8
solomon_rc201,RO-Eco,2,19,495.0234808023064,473.9672018164256,1118.5625962867646,21.05627898588074,501.6738401596274,502.6064850109136,1.0,177.1255797176148,0.0,0.0,0.0,24.4,,,4.8
solomon_rc201,S-HGLS,2,18,470.55167702540064,449.9995474357408,1061.9989319483482,20.55212958965983,479.9986168728617,480.0123787689591,1.0,140.54259179319646,0.0,0.0,0.0,27.05,,,4.5
solomon_rc201,LA-SHGLS,2,18,485.83725623007297,470.2767328255087,1109.8530894682006,15.56052340456423,495.7985310654191,496.1767014115258,1.0,87.21046809128455,0.0,0.0,0.0,22.4,,,4.5
solomon_rc201,DF-det,2,19,495.9318058570067,478.5670127841985,1129.4181501707085,17.36479307280812,505.4523133149559,508.498623442985,1.0,115.79586145616231,0.0,0.0,0.0,23.15,0.6823560672715078,0.2356154353097125,440.5
solomon_rc201,DF-CC,2,18,470.55167702540064,449.9995474357408,1061.9989319483482,20.55212958965983,479.9986168728617,480.0123787689591,1.0,140.54259179319646,0.0,0.0,0.0,27.05,0.6975000000000001,1.1102230246251563e-16,410.0
solomon_rc201,D-HGLS,3,18,478.72611283600526,470.0985997382711,1109.4326953823197,8.627513097734264,489.6840231672073,492.6420517872182,1.0,27.550261954685293,0.0,0.0,0.0,14.5,,,4.8
solomon_rc201,PTO-HGLS,3,18,478.72611283600526,470.0985997382711,1109.4326953823197,8.627513097734264,489.6840231672073,492.6420517872182,1.0,27.550261954685293,0.0,0.0,0.0,14.5,,,4.7
solomon_rc201,Q-HGLS,3,18,478.8636749517849,468.9258230579805,1106.6649424168336,9.937851893804568,490.21564703154326,491.4878316340156,1.0,56.2570378760913,0.0,0.0,0.0,14.25,,,4.8
solomon_rc201,RO-Eco,3,18,468.622072736602,458.1610682458544,1081.2601210602163,10.461004490747548,479.6659993448068,481.9851021098327,1.0,53.72008981495098,0.0,0.0,0.0,15.55,,,4.9
solomon_rc201,S-HGLS,3,17,469.47255839221344,460.4387033417066,1086.6353398864271,9.033855050506885,482.2646494587151,486.2279492361815,1.0,26.67710101013772,0.0,0.0,0.0,15.4,,,4.5
solomon_rc201,LA-SHGLS,3,18,480.96866847401606,464.7532926229866,1096.8177705902483,16.21537585102938,493.1384503029776,494.8360054843792,1.0,180.8075170205876,0.0,0.0,0.0,14.35,,,4.3
solomon_rc201,DF-det,3,17,462.88815659483305,452.7255107761664,1068.4322054317524,10.162645818666634,473.8590255925077,476.2776005654229,1.0,69.25291637333271,0.0,0.0,0.0,13.4,0.7361203159826943,0.2090845146365092,435.2
solomon_rc201,DF-CC,3,17,469.47255839221344,460.4387033417066,1086.6353398864271,9.033855050506885,482.2646494587151,486.2279492361815,1.0,26.67710101013772,0.0,0.0,0.0,15.4,0.6975000000000001,1.1102230246251563e-16,419.7
nyc_manhattan,DF-CC*,1,7,42.61450323566076,34.192592094982764,80.69451734415931,8.421911140677995,46.972469953705826,47.76749672210957,0.0,0.0,0.15,0.07345557033899822,0.0,16.55,0.8667723572531574,0.07409695673446597,144.7
nyc_manhattan,DF-CC*,2,8,45.97151601430732,35.91808017324839,84.76666920886619,10.053435841058928,50.38871562747884,51.12730607686275,0.0,0.0,0.15,0.18921792052946423,0.0,19.35,0.8376773617999017,0.16415824760678666,140.5
nyc_manhattan,DF-CC*,3,8,45.27105157847032,34.37105157847032,81.11568172518996,10.9,48.40041642652473,48.508799041928185,0.0,0.0,0.0,0.0,0.0,21.8,0.8765168610460344,0.09857299225389096,132.2
nyc_queens,DF-CC*,1,4,44.73617647777916,40.362295169815845,95.25501660076537,4.373881307963323,49.647090626839486,49.985393992883154,0.0,0.0,0.1,0.036940653981661686,0.0,8.6,0.6550408378208132,0.15682068958836423,81.3
nyc_queens,DF-CC*,2,4,43.36718773322544,40.6339627934167,95.89615219246343,2.733224939808744,48.68402948399546,50.31504790936692,0.0,0.0,0.1,0.04161246990437206,0.0,5.3,0.750073511255982,0.24989629905842112,80.7
nyc_queens,DF-CC*,3,4,41.02836213656808,37.74472648651231,89.07755450816907,3.283635650055767,44.58084771604067,44.93699410352204,0.0,0.0,0.1,0.016817825027883426,0.0,6.5,0.7495168382666804,0.1077854344103805,75.3
nyc_brooklyn,DF-CC*,1,5,30.801483011959476,28.426241928706087,67.08593095174638,2.3752410832533917,40.078863826542204,46.53344994875719,0.0,0.0,0.3,0.6376205416266958,0.0,2.2,0.6073424109734333,0.14476435437878424,81.9
nyc_brooklyn,DF-CC*,2,5,29.432779368934,27.446933486390787,64.77476302788226,1.9858458825432117,32.344588769669926,33.6353955571024,0.0,0.0,0.45,0.28042294127160583,0.0,2.85,0.5824423081319573,0.1563817222302548,80.8
nyc_brooklyn,DF-CC*,3,7,31.6365102284927,27.48137055385258,64.85603450709209,4.155139674640121,44.67676480538373,47.88216405519714,0.0,0.0,0.45,1.1525698373200606,0.0,3.7,0.6546653322195142,0.14943440258937324,78.6
dublin_real,DF-CC*,1,13,91.95643785094981,81.03170024861367,191.23481258672828,10.924737602336137,100.42141782014411,102.2816066566154,0.0,0.0,0.75,1.4498688011680687,0.0,16.05,0.6752747692154079,0.12948039443386603,211.9
dublin_real,DF-CC*,2,12,88.40962768564705,78.85449583562516,186.09661017207537,9.555131850021912,96.68072962252563,97.66405615666551,0.0,0.0,0.7,1.8400659250109548,0.0,11.75,0.5333847441520976,0.05782391615149074,207.0
dublin_real,DF-CC*,3,13,96.07401883923852,84.58705553396904,199.62545106016685,11.486963305269503,112.8018233775014,114.22128768053915,0.0,0.0,0.9,2.843481652634752,0.0,11.6,0.701481428193171,0.2380262812756919,202.0
peshawar_real,DF-CC*,1,19,91.06461554252328,80.36376052763907,189.65847484522817,10.700855014884205,100.94935207851304,101.45703882473549,0.05,0.1935995263493055,0.7,2.04558751928337,0.0,13.2,0.7428606327380426,0.1568663831658019,239.9
peshawar_real,DF-CC*,2,21,90.7285737853004,82.4989179968878,194.69744647265523,8.229655788412586,96.88337491051217,98.77241863392719,0.0,0.0,0.35,0.564827894206293,0.0,14.2,0.8160827819373182,0.10385287461700694,237.3
peshawar_real,DF-CC*,3,18,90.98427531480941,81.56619709309027,192.496225139693,9.41807822171915,100.63094379419395,102.11247533245296,0.5,1.6463907975809433,0.7,1.9553793409200508,0.0,10.85,0.7994669090144267,0.10775348155467922,237.4
solomon_c101,DF-CC*,1,26,524.0866768934684,501.0698333174315,1182.5248066291383,23.016843576036898,584.4969508346011,625.0018910970077,1.0,60.65271679360329,0.1,2.979603868178367,0.0,28.05,0.8582413482315552,0.08053994267904954,317.7
solomon_c101,DF-CC*,2,25,509.2770853363102,486.5682250961469,1148.3010112269062,22.708860240163396,549.392737066298,577.1751424457866,1.0,158.95017337610858,0.05,1.543175785678983,0.0,23.35,0.6301438826937106,0.14926159105953332,325.5
solomon_c101,DF-CC*,3,28,525.4556240015212,485.61963275853384,1146.0623333101398,39.835991242987305,535.9629063229206,536.6214095244243,1.0,520.7198248597463,0.0,0.0,0.0,27.6,0.8651926632243468,0.15668878461335772,319.6
solomon_c201,DF-CC*,1,13,327.65713876116104,313.9943547356492,741.0266771761321,13.662784025511849,335.18744823859686,336.325341421039,1.0,34.75568051023701,0.0,0.0,0.0,23.85,0.6975000000000001,1.1102230246251565e-16,296.0
solomon_c201,DF-CC*,2,10,305.91174023432205,294.21174023432206,694.339706953,11.7,312.1067962358301,312.7103959922073,0.0,0.0,0.0,0.0,0.0,23.4,0.6975000000000001,1.1102230246251565e-16,2436.6
solomon_c201,DF-CC*,3,13,319.73159392390505,306.8191769354394,724.0932575676368,12.91241698846564,327.9691416690034,329.0030565317968,1.0,35.74833976931275,0.0,0.0,0.0,22.25,0.6975000000000001,1.1102230246251565e-16,324.8
solomon_r102,DF-CC*,1,30,541.5238460306452,459.68871282071734,1084.8653622568927,81.83513320992792,557.0451594295763,557.8712353075075,1.0,1321.2026641985585,0.0,0.0,0.0,31.55,0.653486672598432,0.14814309718091956,491.0
solomon_r102,DF-CC*,2,32,552.2520635067486,489.1907128888839,1154.4900824177662,63.061350617864626,567.2657879999853,569.0876328718351,1.0,988.2270123572926,0.0,0.0,0.0,27.3,0.6799438659470181,0.2173999817126212,522.0
solomon_r102,DF-CC*,3,35,563.6027441600944,510.0912056167749,1203.8152452555887,53.511538543319446,582.0863182710154,582.8623950995719,1.0,736.7307708663889,0.0,0.0,0.0,33.35,0.6975000000000001,1.1102230246251565e-16,529.8
solomon_r202,DF-CC*,1,16,371.12384987489554,354.54591291128,836.7283544706208,16.577936963615493,380.736005719667,383.8149933297498,1.0,115.05873927230982,0.0,0.0,0.0,21.65,0.6975000000000001,1.1102230246251565e-16,408.3
solomon_r202,DF-CC*,2,17,380.5264234726769,368.5493299254598,869.7764186240853,11.97709354721707,387.81577688825445,388.7013598741795,1.0,49.541870944341426,0.0,0.0,0.0,19.0,0.6975000000000001,1.1102230246251565e-16,361.9
solomon_r202,DF-CC*,3,17,376.29741983529937,365.9273178915543,863.588470224068,10.370101943745125,383.1224216727997,383.8171732697692,1.0,22.9020388749025,0.0,0.0,0.0,18.45,0.6975000000000001,1.1102230246251565e-16,334.2
solomon_rc101,DF-CC*,1,26,661.415398759577,585.9854855896755,1382.925745991634,75.42991316990154,675.6897042667082,680.9848321052812,1.0,1219.598263398031,0.0,0.0,0.0,28.9,0.6975000000000001,1.1102230246251565e-16,396.3
solomon_rc101,DF-CC*,2,29,678.1159214065324,612.8616815579311,1446.353568476717,65.25423984860126,699.7795671265595,705.0504044682866,1.0,1051.0847969720253,0.0,0.0,0.0,25.4,0.6975000000000001,1.1102230246251565e-16,508.4
solomon_rc101,DF-CC*,3,33,700.7950386207934,659.0000652659398,1555.2401540276182,41.794973354853504,709.1908699784228,709.5069130541114,1.0,540.89946709707,0.0,0.0,0.0,29.5,0.6975000000000001,1.1102230246251565e-16,467.1
solomon_rc201,DF-CC*,1,18,480.43819001193395,466.1419690997297,1100.095047075362,14.296220912204214,489.5988239457099,489.8913321342711,1.0,56.924418244084265,0.0,0.0,0.0,22.9,0.6975000000000001,1.1102230246251565e-16,499.3
solomon_rc201,DF-CC*,2,18,470.55167702540064,449.9995474357408,1061.9989319483482,20.55212958965983,479.99861687286165,480.0123787689591,1.0,140.54259179319646,0.0,0.0,0.0,27.05,0.6975000000000001,1.1102230246251565e-16,496.0
solomon_rc201,DF-CC*,3,17,469.47255839221344,460.4387033417066,1086.6353398864273,9.033855050506885,482.2646494587151,486.2279492361815,1.0,26.677101010137722,0.0,0.0,0.0,15.4,0.6975000000000001,1.1102230246251565e-16,474.0
